Response,Explanatory1,Explanatory2,Explanatory3,Explanatory4,Explanatory5,Explanatory6,Explanatory7,Explanatory8,Explanatory9
61.545,122.356,36.419,18.78,145.335,99.5,107.769,21.504,56.703,95.116
75.057,74.027,55.241,10.708,99.098,20.073,121.583,30.601,117.273,55.271
85.424,46.56,117.297,145.613,151.862,30.816,14.206,151.396,117.281,52.228
55.031,106.12,97.473,0.255,100.889,130.626,22.63,5.913,130.63,7.283
104.704,34.148,45.649,33.868,58.816,115.266,116.934,-11.539,37.935,97.37
34.207,98.778,31.589,57.909,91.466,80.793,155.439,141.301,118.526,89.614
73.906,19.829,46.033,48.459,56.279,58.596,55.77,143.329,136.38,52.99
67.736,46.866,110.23,126.79,154.901,76.849,164.023,119.189,120.068,91.136
26.673,40.754,70.327,101.363,103.692,97.142,84.476,107.154,51.618,64.364
50.277,44.824,38.564,157.513,125.602,46.997,101.643,8.647,45.844,69.33
79.531,65.653,56.552,101.681,56.595,99.895,155.298,48.303,64.827,123.566
87.722,125.431,103.731,150.026,105.624,76.52,159.389,14.608,90.876,124.326
110.973,99.215,125.393,45.813,122.304,21.603,157.024,129.467,150.939,40.511
27.661,41.304,88.097,0.965,156.342,109.323,88.737,63.312,150.971,0.78
24.517,44.761,33.924,100.095,84.331,28.562,18.113,78.815,116.564,90.996
69.032,85.037,105.887,104.881,63.731,0.428,50.281,91.206,77.981,61.061
69.581,63.525,46.484,63.401,120.553,-2.672,158.109,151.591,71.579,123.991
102.709,97.828,101.245,144.16,161.841,35.814,70.343,142.074,100.893,96.51
74.541,97.773,68.609,151.687,71.916,44.715,123.152,100.039,61.028,86.638
65.473,120.033,70.913,133.664,67.121,39.891,-4.489,60.044,84.461,125.656
69.045,23.614,119.949,41.681,96.832,37.571,165.649,72.275,56.803,120.197
53.4,29.553,39.225,16.609,151.579,-5.735,45.742,149.953,33.311,21.108
79.332,103.687,69.652,14.862,150.923,25.261,117.904,87.691,82.145,25.331
86.764,81.312,29.16,26.599,107.563,44.914,93.81,115.76,86.286,58.791
70.323,130.895,61.297,89.966,145.03,5.981,54.479,151.277,43.416,34.767
27.575,72.314,61.149,44.077,106.55,111.041,78.752,78.358,77.15,-0.994
80.807,42.908,45.653,17.896,85.789,121.181,-8.325,64.215,59.653,2.166
57.016,22.881,80.835,122.099,107.667,19.775,106.518,121.521,90.39,86.2
46.142,108.771,81.991,74.768,91.172,97.05,106.247,70.967,141.056,111.747
44.33,34.895,60.636,42.591,94.835,94.485,123.196,116.221,139.205,17.538
54.081,59.897,87.134,137.719,146.631,130.647,48.238,53.575,139.348,97.606
40.072,130.761,96.772,34.019,98.895,97.957,44.989,147.955,76.935,101.776
64.278,109.447,97.436,104.982,94.232,118.904,6.587,155.852,90.382,121.545
73.239,131.013,95.099,148.152,81.625,129.681,153.498,139.484,73.377,94.836
92.526,75.188,102.926,100.023,161.274,28.755,63.317,139.402,44.13,122.285
80.47,80.405,31.49,148.466,104.475,8.028,154.287,165.025,79.389,90.38
41.524,125.482,104.484,140.864,82.57,0.103,152.353,51.34,110.12,89.806
94.09,67.518,51.537,16.052,123.697,8.863,94.628,142.093,125.583,73.778
99.255,110.405,119.998,64.886,112.839,2.313,-4.758,9.714,148.192,32.196
24.717,128.493,103.56,93.31,162.368,116.423,33.191,34.664,102.887,-0.28
74.521,48.74,95.082,43.172,82.249,131.033,-7.763,-5.74,145.688,86.386
110.005,113.832,28.642,46.212,71.484,112.934,45.701,150.261,49.068,51.295
102.573,62.432,123.496,61.353,129.994,126.01,97.403,79.089,38.562,53.327
38.404,82.378,110.727,26.206,161.605,65.526,109.857,125.044,69.559,9.479
27.652,120.62,38.749,45.016,114.523,21.831,71.393,51.374,116.37,113.608
100.009,22.93,84.006,47.881,156.629,88.351,43.976,49.58,62.741,76.915
109.84,74.229,116.721,86.997,71.102,19.903,23.909,12.768,89.43,58.238
41.41,68.522,105.187,138.557,75.896,81.992,20.917,2.73,66.359,79.578
92.584,67.382,76.203,155.663,67.041,-6.878,91.255,131.602,58.265,23.304
109.217,128.567,68.053,75.875,133.861,30.165,146.289,17.754,134.605,28.525
65.73,132.79,90.545,119.975,115.5,95.569,83.983,70.755,147.242,12.124
30.09,109.811,57.856,13.987,91.936,66.561,-4.098,100.465,136.431,12.084
102.08,125.24,85.889,95.899,138.338,110.022,87.624,47.173,50.323,38.738
43.355,58.818,78.95,124.943,90.37,118.327,42.811,138.539,70.029,85.412
30.853,71.144,48.606,120.018,133.242,17.473,117.986,110.835,135.515,25.296
85.952,80.785,101.718,122.044,90.508,44.494,94.695,43.241,53.442,79.944
104.742,106.248,120.587,12.016,140.311,19.106,58.484,127.46,112.72,124.097
76.166,38.381,87.709,76.544,83.539,78.936,131.611,110.833,45.389,4.288
52.778,126.803,36.394,75.808,152.389,28.498,155.113,140.754,53.271,74.586
30.129,109.067,124.532,129.526,151.606,81.233,146.632,5.61,150.238,50.275
99.115,78.358,121.033,112.144,158.796,50.263,26.735,129.238,77.789,19.921
64.414,61.059,63.722,24.792,54.336,72.921,21.23,156.067,79.64,47.241
66.78,53.761,53.027,146.857,162.861,59.997,61.207,8.698,111.145,126.978
47.957,28.127,79.331,147.325,97.132,34.168,50.715,92.83,134.455,32.743
40.487,57.113,80.238,123.104,110.31,104.334,116.487,8.094,79.605,5.586
51.53,104.607,51.884,30.609,151.669,115.675,164.122,6.187,75.66,80.968
83.431,52.222,81.937,155.306,115.701,25.695,18.646,73.949,68.782,98.678
107.136,131.251,34.122,57.653,101.128,123.551,73.363,20.942,89.426,29.823
39.299,44.325,67.495,115.038,114.088,122.787,96.611,36.305,55.767,19.201
55.819,72.359,55.642,69.181,127.698,122.968,111.633,101.228,113.875,9.458
81.419,30.709,76.099,7.733,151.923,61.145,53.025,37.576,124.917,68.828
29.941,131.217,115.896,106.148,88.456,132.019,-5.34,77.991,89.856,5.857
41.378,50.457,46.367,149.508,115.985,89.39,71.879,19.076,78.167,50.13
76.182,38.323,57.885,125.814,143.743,43.526,53.653,117.946,38.868,17.487
64.364,89.35,46.965,34.831,150.208,41.21,-6.234,108.746,41.873,91.995
107.368,30.234,95.321,17.7,60.932,100.263,80.65,151.543,66.186,85.769
42.657,17.021,121.693,130.797,49.409,103.725,116.32,146.721,84.629,17.157
112.706,60.538,50.394,73.584,51.312,31.99,138.9,160.792,48.715,17.865
37.51,97.9,41.561,85.33,56.343,81.52,131.961,41.687,149.911,109.119
101.072,109.156,59.988,49.421,95.546,44.282,30.86,134.661,126.639,100.095
75.161,43.177,81.586,103.882,63.896,80.134,85.359,59.269,66.4,103.917
35.779,37.024,87.642,11.77,87.853,133.707,138.031,82.957,36.446,34.043
109.066,37.856,112.395,106.082,50.307,58.173,120.283,118.576,106.967,25.751
91.862,109.636,113.979,145.422,104.512,53.817,69.609,11.29,114.209,105.285
25.72,22.519,121.477,84.883,150.869,51.517,159.118,152.506,65.329,59.254
55.837,101.267,127.739,40.559,124.192,48.034,34.348,8.743,76.357,58.201
24.748,73.576,105.845,127.149,56.185,129.272,131.052,63.949,136.465,95.47
54.928,28.941,78.759,91.047,100.388,16.116,31.411,59.104,33.485,126.752
99.176,57.519,61.199,150.64,71.984,82.644,145.501,121.579,111.905,53.67
109.204,100.029,60.554,52.493,140.864,17.473,28.059,77.704,38.857,102.99
97.794,101.341,127.011,60.624,51.43,75.437,-5.593,67.087,143.382,83.144
58.591,35.596,32.347,1.418,143.555,117.432,96.258,145.237,129.449,112.078
80.037,57.241,110.876,135.238,123.597,108.414,167.085,84.493,135.596,28.965
100.003,39.82,126.997,12.855,161.006,46.941,110.207,86.918,84.055,81.379
61.064,40.831,124.644,70.287,66.122,-5.404,-7.693,66.668,84.523,125.634
95.587,19.323,73.15,71.166,154.98,28.423,119.004,33.071,105.33,98.018
109.82,126.921,116.046,106.439,146.864,92.156,107.615,150.391,100.886,11.422
88.15,52.123,60.274,145.439,72.202,13.297,115.001,26.623,63.115,-0.822
54.007,20.557,65.444,3.944,97.455,110.136,15.961,69.812,113.716,24.632
110.836,45.305,97.08,9.081,128.161,19.007,46.347,49.169,119.467,4.07
108.453,109.105,107.692,136.847,49.457,33.806,76.193,49.986,58.807,117.636
75.079,111.037,88.385,1.566,106.539,66.662,148.276,124.053,94.587,54.733
34.599,79.978,35.456,47.666,127.227,-2.85,157.059,163.479,136.981,95.256
41.872,74.057,41.704,139.557,153.516,24.693,11.268,54.889,133.599,52.481
29.93,48.132,41.553,68.468,116.675,31.1,149.457,148.548,85.727,113.924
72.478,24.606,40.243,72.233,130.808,73.327,8.745,102.225,65.841,111.546
53.751,40.54,70.67,61.276,152.196,69.304,54.262,34.325,125.795,44.438
76.178,86.386,35.268,30.644,63.293,13.402,42.328,103.419,33.954,102.592
78.985,91.356,102.101,70.058,130.066,36.392,30.054,54.258,72.524,90.751
96.347,17.967,43.842,1.356,143.916,-5.231,85.052,152.179,55.553,26.839
105.353,27.966,42.027,60.452,65.998,98.741,97.735,35.805,49.42,54.58
61.849,115.783,94.44,18.958,115.711,8.057,27.691,24.937,127.751,80.978
53.487,100.626,118.713,121.35,163.283,51.031,102.332,57.717,50.77,58.803
29.082,25.994,71.205,24.339,88.555,74.538,74.422,108.308,54.402,67.662
74.208,25.335,44.529,37.068,92.364,44.362,4.013,53.317,146.786,4.202
97.295,102.322,71.622,107.18,119.258,113.875,109.765,163.77,144.339,123.704
49.436,132.898,29.321,142.057,146.705,130.972,29.473,36.526,88.942,64.611
31.329,55.134,91.039,71.657,124.421,118.768,49.314,27.695,141.55,121.72
32.603,71.316,29.797,11.424,142.135,29.767,77.925,17.123,52.359,17.792
32.327,22.186,44.32,138.565,101.688,63.963,25.897,81.875,41.918,11.515
63.836,28.26,38.031,133.957,72.661,112.741,85.466,44.93,148.981,81.004
44.654,24.111,61.03,143.123,149.107,24.531,120.635,148.981,115.949,41.939
108.383,40.316,68.849,125.92,122.027,125.087,48.378,148.566,88.063,127.481
91.245,71.707,47.476,108.541,91.676,86.723,133.066,85.771,33.671,44.781
61.615,36.341,54.211,93.782,86.523,38.201,134.744,151.096,125.298,90.893
86.32,104.976,100.853,13.129,131.845,113.699,89.293,40.179,137.071,70.407
45.744,44.371,91.897,107.185,114.31,-4.915,72.031,62.736,94.713,33.262
25.811,90.816,122.133,19.544,91.012,93.216,91.414,55.253,46.534,125.895
107.107,113.053,88.077,8.534,139.772,51.963,98.778,74.841,94.967,53.842
85.691,64.85,30.66,136.167,108.657,88.929,95.98,142.075,41.706,23.383
42.473,55.507,74.317,27.821,98.301,29.046,31.744,154.419,112.792,117.745
100.953,42.326,49.996,39.248,129.167,110.317,75.246,13.474,48.577,119.589
28.141,77.665,36.43,23.186,99.519,115.667,36.004,91.894,117.572,6.333
30.316,118.12,82.804,113.847,71.612,88.95,138.887,155.299,49.894,117.091
79.195,35.441,100.118,120.898,162.657,0.641,-3.158,29.983,93.912,96.909
109.338,56.592,104.782,155.363,108.033,9.869,24.744,79.366,104.323,36.795
81.255,124.167,105.812,87.122,115.767,31.072,53.722,137.55,127.911,125.433
83.748,120.43,103.54,130.499,62.635,46.94,69.438,159.504,51.838,57.214
52.107,87.507,95.088,153.817,126.588,0.05,133.558,127.224,39.258,47.587
63.579,85.872,40.047,41.448,43.939,0.755,141.725,2.767,141.337,22.665
90.474,106.877,121.188,132.545,54.236,110.536,79.443,6.454,32.296,4.102
78.083,73.434,97.289,24.538,76.694,112.904,50.79,118.938,77.771,97.443
74.631,79.359,85.609,120.553,49.615,74.394,115.998,46.329,59.305,1.9
95.661,20.046,58.682,65.407,93.907,112.902,128.758,45.074,122.428,103.879
31.606,111.379,65.344,39.258,59.257,110.012,38.948,100.892,122.539,125.709
58.498,97.434,97.013,93.377,158.292,25.858,161.826,-6.961,97.114,41.452
93.511,62.931,125.311,73.308,51.391,11.834,120.506,53.489,83.377,118.657
99.283,28.322,69.186,128.632,149.196,132.167,12.295,-2.741,124.577,81.729
87.844,35.275,78.054,103.623,128.121,129.828,44.993,60.294,80.642,86.382
114.068,73.943,121.938,72.81,120.104,39.952,26.228,-0.366,105.486,126.396
87.657,72.467,53.563,131.817,120.295,10.485,59.97,161.607,120.577,39.252
99.206,22.283,117.976,67.603,115.009,44.659,105.209,154.757,128.301,51.6
34.059,50.744,56.52,45.245,121.406,122.932,65.912,30.595,39.179,47.147
78.97,26.394,32.054,117.377,54.857,-6.5,91.073,128.362,117.3,10.966
79.877,33.726,118.47,51.465,98.826,83.255,-2.647,87.583,33.757,28.553
74.323,57.121,61.173,144.229,152.187,116.919,104.449,161.585,116.708,92.615
47.893,114.838,118.23,11.795,106.165,1.403,71.606,66.084,51.129,41.742
111.969,71.879,68.599,61.997,102.873,105.957,86.52,28.935,32.97,71.965
35.096,34.204,87.42,104.011,137.001,91.821,162.266,7.781,36.44,89.905
53.907,53.08,84.12,103.513,139.247,57.836,72.467,22.402,58.548,106.129
48.007,19.681,123.14,143.906,42.952,114.5,124.71,97.866,58.787,97.81
54.941,54.099,106.98,11.982,104.331,10.924,22.501,50.236,104.372,104.395
109.534,56.169,120.508,139.922,63.915,113.587,48.801,48.907,62.408,30.945
62.356,88.02,43.714,89.731,56.269,16.555,4.433,30.493,152.241,59.093
113.202,75.299,28.14,110.466,141.654,117.3,55.916,123.453,40.02,21.941
30.26,100.939,122.037,99.585,66.719,4.316,86.08,100.989,120.773,128.13
51.138,40.022,73.874,15.397,126.921,44.959,161.199,14.758,99.54,111.262
45.162,56.929,104.778,54.748,116.821,116.9,117.921,92.081,114.516,103.234
32.15,92.784,95.609,105.037,159.309,29.055,2.505,77.119,73.392,36.255
74.767,83.602,34.155,10.34,110.021,119.166,20.645,41.385,111.7,77.558
80.16,26.257,74.012,52.384,80.254,33.628,149.024,2.339,39.671,59.25
106.72,87.588,29.926,79.364,133.181,54.307,57.754,82.084,148.311,86.071
79.415,50.031,93.812,127.689,121.133,18.188,66.366,148.217,86.026,17.312
85.001,18.19,70.716,73.456,49.716,129.13,113.536,106.553,41.952,93.279
71.627,75.533,100.615,90.067,129.154,94.665,-3.523,146.461,62.798,89.443
34.066,30.843,61.481,65.181,112.699,72.849,99.681,165.135,113.336,105.857
66.892,91.416,34.256,108.556,87.585,22.186,157.017,108.447,139.06,49.639
51.355,93.956,91.321,120.044,87.568,94.184,99.381,129.502,140.341,64.745
76.015,116.752,39.07,155.134,111.155,10.105,41.99,164.512,109.719,52.38
78.072,106.967,51.54,36.562,43.795,10.944,21.424,127.637,37.454,72.338
64.23,91.299,88.041,112.388,83.78,129.348,124.157,6.81,60.294,36.028
92.815,109.763,62.948,34.735,62.476,34.754,137.036,120.808,86.215,59.187
27.334,58.518,73.237,151.132,121.508,66.805,-4.562,4.101,39.923,89.784
76.649,60.868,46.21,75.377,152.813,126.796,-7.131,163.993,52.343,80.259
112.795,53.161,33.223,108.37,105.313,-4.767,8.068,39.903,70.268,37.031
56.008,53.328,41.737,66.008,93.884,96.098,21.964,80.251,89.174,74.286
79.98,68.217,126.077,144.452,159.778,22.911,108.491,42.856,60.613,10.007
24.435,78.149,75.546,17.016,79.428,5.309,78.801,38.635,31.387,99.56
100.389,32.295,30.153,134.397,109.321,92.822,46.165,95.603,107.694,22.633
54.342,43.399,72.8,58.419,134.058,111.135,137.243,140.358,62.104,25.145
31.007,28.601,86.56,63.909,61.549,124.192,74.974,5.181,108.121,80.127
78.535,35.713,69.097,27.933,98.524,21.99,35.508,6.416,61.695,10.982
76.029,122.367,56.948,98.225,138.984,12.442,79.582,52.227,30.914,87.121
85.857,38.763,101.53,152.887,140.971,3.14,52.891,104.049,106.205,54.207
61.111,108.463,39.065,69.944,63.554,117.312,78.755,78.012,143.241,65.649
112.258,62.832,80.458,79.228,93.472,108.341,16.41,57.834,75.919,29.4
53.897,54.119,60.32,106.913,97.489,14.583,129.355,9.662,100.913,50.246
36.181,18.287,57.595,42.212,94.399,126.042,79.735,13.207,31.525,119.108
80.514,27.053,60.292,117.814,51.621,66.957,163.979,111.53,97.817,83.004
105.245,123.334,47.442,43.968,112.928,107.629,41.229,80.464,81.609,82.497
57.475,85.161,100.971,34.052,141.889,120.963,117.882,142.747,51.557,113.781
77.391,36.933,116.547,128.91,127.162,3.042,43.78,164.241,76.299,105.812
87.889,91.443,107.778,120.252,147.364,10.913,115.158,78.107,70.773,53.633
36.59,19.948,127.066,62.639,56.544,90.104,161.411,123.407,107.023,26.477
111.706,55.483,50.735,126.883,147.349,42.499,110.82,129.218,58.176,96.623
80.278,17.997,98.69,154.336,120.704,101.776,92.687,117.445,88.183,30.694
55.394,57.243,78.904,110.189,137.105,6.463,35.291,151.142,124.164,99.79
82.829,25.876,58.651,10.804,101.304,22.671,97.411,91.94,130.537,85.866
58.628,83.761,52.796,0.249,136.24,-3.778,106.377,116.759,40.126,89.978
89.879,16.029,96.922,32.433,43.45,26.241,51.046,49.135,110.664,119.158
38.811,57.863,120.594,109.166,108.52,65.964,103.516,14.362,144.578,41.31
77.183,60.763,72.744,90.052,71.026,107.799,105.971,165.984,43.044,35.75
52.064,50.412,104.934,103.784,154.712,120.715,121.627,149.894,115.416,76.517
91.1,58.244,93.91,150.778,133.86,32.0,157.548,91.572,130.11,108.796
29.498,63.444,38.59,107.511,52.067,28.028,43.356,88.223,152.996,50.01
101.587,73.901,102.918,14.647,98.385,59.397,82.847,6.819,110.058,59.407
41.392,116.125,76.205,108.822,79.922,23.821,21.21,24.83,48.194,97.738
68.479,26.63,42.547,116.334,118.035,15.337,78.069,121.016,80.853,85.123
77.745,57.54,63.031,65.619,76.476,105.54,159.178,154.421,117.77,121.815
111.318,29.792,40.446,98.536,153.522,41.851,117.415,12.983,144.726,59.489
76.283,67.54,29.259,23.656,80.682,-0.468,17.489,45.67,42.941,126.147
48.971,36.07,45.62,119.828,57.977,85.208,141.806,163.665,82.315,81.83
42.656,44.066,56.482,145.978,124.39,75.794,147.159,69.092,133.617,2.068
54.531,75.256,124.882,70.385,138.516,48.382,79.132,120.626,66.997,19.1
72.091,17.966,42.856,145.454,69.304,79.443,28.346,31.142,36.833,10.808
61.333,88.056,79.028,100.123,62.054,12.312,146.991,123.717,88.179,66.44
84.206,90.183,57.64,11.334,81.237,79.308,86.09,122.461,75.81,66.795
54.374,47.405,74.927,35.378,89.771,2.214,54.377,-2.537,132.789,56.466
76.103,76.601,97.012,145.085,78.881,110.675,4.086,102.208,75.805,16.141
114.705,108.503,120.807,134.819,63.811,50.685,29.3,72.439,33.436,60.669
50.959,63.894,94.399,101.951,124.906,66.373,106.459,69.482,103.035,40.723
40.612,29.532,119.568,155.247,57.36,41.404,2.344,154.002,47.103,48.531
59.483,70.386,90.459,154.208,47.274,76.433,150.136,-9.224,42.661,29.926
62.057,81.756,28.664,130.138,66.948,21.851,17.413,160.703,108.862,78.081
24.107,15.923,49.422,25.263,70.046,40.585,93.052,84.365,40.324,80.803
49.656,72.549,71.9,46.234,86.338,29.679,72.63,161.424,87.729,1.991
47.145,36.719,112.068,97.749,119.526,45.204,126.932,-8.685,94.88,68.267
62.992,71.79,78.133,47.01,147.404,56.253,131.131,29.151,69.289,85.505
39.438,82.449,30.424,87.625,74.181,40.805,47.501,59.455,142.061,66.616
85.488,54.763,31.336,49.826,120.299,30.563,-5.594,126.305,49.731,106.78
104.348,97.263,37.755,158.0,154.668,60.936,43.326,-3.21,56.423,49.986
36.317,126.588,101.267,88.477,46.306,118.445,105.851,148.489,139.106,66.207
96.997,68.897,38.229,141.734,101.122,2.016,135.713,165.367,137.555,19.439
76.201,90.368,48.318,32.724,116.65,67.453,107.889,41.261,92.787,12.742
78.694,81.039,41.732,138.332,117.197,72.656,150.349,130.082,89.967,44.246
40.723,38.033,35.908,7.286,136.26,75.999,75.86,108.572,39.701,99.28
91.982,54.086,62.847,98.256,72.447,97.818,102.811,26.587,146.386,103.889
83.551,121.857,35.214,7.757,114.569,46.644,54.742,-8.029,99.004,78.864
81.458,91.852,54.677,101.45,117.8,25.553,51.031,76.846,70.41,109.704
68.792,68.271,112.182,8.87,148.937,18.927,132.921,134.935,84.531,6.67
45.185,114.272,100.967,4.882,71.968,15.155,116.5,134.968,94.581,48.162
69.026,47.423,64.531,4.619,54.446,84.601,90.448,35.151,85.628,112.285
45.652,36.604,116.35,39.485,153.266,127.726,161.89,-7.015,60.13,44.456
90.252,83.273,74.887,1.062,107.343,52.882,21.821,115.263,134.912,94.468
111.397,30.734,81.087,75.17,131.243,33.342,-2.211,50.772,37.565,73.816
34.002,103.849,121.449,123.576,133.12,91.578,150.891,98.188,102.763,111.773
99.675,50.369,37.923,107.338,164.151,37.406,32.568,85.181,63.127,47.674
58.786,68.269,124.608,68.845,132.811,127.465,5.746,7.792,71.866,34.031
83.596,124.031,59.684,49.578,103.074,40.05,27.666,144.324,140.285,17.816
73.902,35.24,117.332,121.763,81.787,6.307,139.467,-3.7,136.787,39.172
86.009,53.714,76.092,138.386,113.82,-4.555,168.101,66.986,127.509,74.273
56.865,42.526,45.079,15.649,44.86,128.998,109.276,115.415,77.369,104.609
103.78,23.169,57.746,110.655,61.148,114.118,7.301,57.477,84.031,110.423
55.143,73.607,83.463,44.578,152.153,-3.487,165.317,13.204,147.363,126.5
100.889,24.726,50.334,39.118,118.571,12.051,87.11,71.249,39.542,74.42
47.178,108.725,51.604,145.432,117.269,35.2,77.988,52.184,52.915,14.882
112.477,52.675,110.329,65.479,51.038,10.195,76.293,166.251,60.236,122.946
96.638,56.144,47.409,4.008,72.897,4.089,166.998,51.899,62.612,52.319
76.756,116.684,78.05,30.119,113.407,92.874,48.241,141.744,69.353,73.296
51.455,55.198,95.364,118.04,132.965,-4.244,106.036,92.921,128.651,9.821
41.413,36.208,98.941,79.071,53.019,47.578,18.768,117.675,138.094,13.351
107.405,57.164,33.412,110.191,56.0,124.137,50.442,81.381,59.363,109.649
73.673,76.622,78.604,59.975,158.765,75.81,102.595,77.015,93.565,94.398
45.658,120.981,98.765,36.315,43.184,30.813,100.466,67.303,98.794,100.01
94.711,32.429,103.819,156.445,45.885,13.982,160.808,7.85,66.139,53.199
69.228,80.172,36.452,93.872,116.257,110.009,148.562,77.094,144.586,49.629
54.422,57.35,123.786,152.457,45.933,122.66,119.569,105.676,53.595,126.91
87.324,124.765,73.104,74.237,85.339,74.069,37.355,39.74,135.05,72.035
79.112,64.345,97.082,111.283,122.098,132.195,88.714,25.803,62.657,105.031
114.063,58.994,126.766,21.316,147.38,27.248,152.414,86.829,151.333,41.852
106.293,101.701,65.068,49.079,99.968,25.964,22.949,49.845,42.255,63.537
63.493,56.529,104.88,106.901,78.456,56.378,125.509,136.866,116.626,40.302
35.554,132.947,32.547,63.307,50.978,114.097,18.243,120.546,55.805,91.229
38.228,20.232,121.375,18.204,68.22,121.155,156.372,1.278,115.104,57.248
104.17,36.421,30.447,105.924,55.528,23.813,151.362,67.742,81.042,114.655
88.332,122.23,87.612,75.675,88.869,31.017,118.057,133.543,45.805,46.837
58.71,98.843,88.36,108.062,129.815,45.415,54.547,2.89,138.205,50.795
113.265,72.735,63.721,7.431,109.75,51.321,94.469,138.096,37.404,103.67
24.634,28.663,89.766,56.619,77.321,86.32,129.494,-3.477,126.112,27.326
47.033,43.92,58.305,114.555,106.728,105.451,74.161,-3.255,112.614,105.709
91.63,110.626,62.875,81.201,112.247,43.273,65.876,119.483,34.949,66.086
55.284,29.754,107.873,9.458,97.899,34.583,29.975,82.368,34.383,69.559
100.892,31.425,46.086,53.267,86.799,29.624,40.975,160.291,35.811,30.135
91.342,98.053,55.721,30.662,65.298,90.182,42.196,10.047,86.554,126.616
47.125,129.444,83.696,43.491,77.402,29.869,45.288,77.763,43.7,70.811
85.837,37.806,91.971,90.751,135.99,77.156,133.45,93.238,149.252,89.45
24.446,57.146,61.145,47.447,154.414,82.586,130.45,131.561,112.706,120.013
28.136,72.332,77.556,63.784,155.341,36.961,29.655,106.753,42.271,110.459
37.804,108.87,68.528,92.567,66.323,121.212,3.428,39.964,89.771,119.259
55.644,29.648,109.694,158.143,48.057,15.661,5.813,130.438,119.45,70.458
55.061,37.493,42.921,96.749,49.039,110.717,2.403,89.436,43.139,78.584
94.425,70.81,101.056,128.518,162.759,77.887,153.555,68.636,95.009,39.485
94.793,118.694,61.305,118.33,50.655,127.486,165.545,-8.927,114.409,44.741
55.749,61.991,96.435,115.091,124.281,128.896,66.577,39.591,60.605,27.763
107.045,43.597,101.945,94.275,91.323,-4.675,139.898,165.405,42.517,121.193
84.936,106.747,124.766,111.134,164.348,58.957,106.987,-4.417,128.013,44.572
51.545,125.492,86.655,13.831,162.585,18.771,105.967,81.961,57.831,29.695
86.9,29.631,32.807,13.856,62.825,118.771,38.099,95.357,84.907,121.834
65.555,119.987,97.459,21.016,78.221,81.915,106.042,150.416,97.426,63.663
84.809,71.576,50.912,128.809,76.978,13.346,67.493,78.198,89.319,51.639
31.234,19.54,59.066,14.53,123.139,23.807,4.25,30.912,95.876,44.921
74.377,16.849,75.066,70.072,110.207,3.707,68.483,82.263,97.341,93.267
67.877,35.219,94.933,152.425,44.664,34.985,155.406,58.259,67.869,63.988
64.041,48.071,64.844,45.568,46.281,15.245,35.384,89.591,53.637,30.44
43.721,109.597,74.542,89.87,69.335,69.732,27.755,107.944,37.141,59.602
88.346,128.269,100.242,122.475,113.258,132.442,128.096,90.127,80.452,26.996
78.909,90.094,37.104,10.409,92.27,12.432,74.611,161.349,65.124,24.649
42.044,115.02,126.144,154.336,146.302,94.588,83.334,166.194,41.008,102.101
105.213,67.723,52.736,14.421,54.171,59.3,94.534,75.811,82.212,1.689
36.332,90.346,62.788,49.526,65.242,55.223,121.477,47.324,64.004,119.857
98.368,105.84,99.361,84.063,125.491,129.954,2.714,45.46,95.04,94.692
67.268,60.168,38.205,70.925,162.337,33.089,-6.987,100.447,136.069,42.216
63.241,23.676,54.567,22.506,111.973,79.36,8.735,151.938,93.759,81.155
112.699,91.493,49.745,54.662,92.618,112.254,112.439,84.304,36.207,105.646
88.301,82.128,41.14,46.997,90.584,12.184,-6.166,165.055,110.914,122.496
109.962,44.519,71.418,39.012,52.77,37.344,55.85,77.772,72.966,105.139
32.856,24.456,113.772,20.009,52.796,19.29,45.465,92.207,94.054,86.596
112.665,102.643,126.457,150.657,138.825,103.858,5.743,124.986,76.133,46.654
86.991,23.676,103.312,36.97,108.882,90.482,9.882,158.058,99.479,32.897
105.662,17.278,89.792,9.801,151.425,94.646,1.575,-9.452,150.691,4.606
101.874,56.874,58.969,20.043,82.963,21.917,160.075,0.944,149.31,102.634
110.363,36.843,28.01,12.899,84.533,56.606,73.15,120.958,140.411,121.595
77.692,24.273,73.858,122.521,125.369,14.691,71.002,135.303,66.884,9.918
25.602,102.452,114.03,116.374,55.971,65.338,37.285,26.217,57.609,82.866
52.996,38.802,109.614,151.69,80.659,72.464,144.8,81.543,41.758,113.249
75.866,85.896,103.241,149.224,155.077,91.619,85.349,161.144,60.026,46.682
28.112,95.042,37.87,46.979,162.214,132.48,136.563,-2.892,83.171,95.637
58.365,37.998,35.441,84.261,125.316,38.852,69.967,12.72,77.726,29.08
28.947,67.849,83.19,86.905,53.141,4.297,72.344,63.077,58.777,91.192
98.651,91.489,88.605,65.095,77.016,23.141,157.762,105.722,136.516,114.433
72.065,94.194,109.806,45.235,45.785,108.123,51.337,25.095,146.418,47.9
104.737,39.899,99.969,142.054,133.182,13.316,163.091,134.037,40.271,52.453
36.404,94.327,76.624,15.047,91.15,53.327,135.124,91.723,151.418,41.161
68.158,93.548,39.981,106.887,142.051,85.867,57.584,107.508,101.254,119.071
97.698,131.596,51.049,7.495,120.833,124.398,122.4,129.049,83.858,118.582
66.713,41.002,98.554,148.389,49.551,68.451,76.182,49.614,83.307,69.043
35.591,59.022,86.444,72.081,81.304,35.645,131.467,127.497,126.929,4.979
97.584,40.814,38.387,12.017,141.988,-4.924,97.472,117.093,124.012,61.855
72.214,112.568,74.796,39.402,78.412,56.329,75.96,68.72,150.193,21.798
103.08,113.308,65.869,133.806,95.094,118.297,69.578,13.238,131.426,74.555
82.048,25.889,98.788,99.241,89.363,75.418,153.623,-6.568,112.581,7.596
92.167,82.383,73.451,137.558,157.161,80.502,114.548,26.336,85.428,2.358
26.827,122.003,120.913,89.592,121.303,25.836,162.971,128.452,89.186,21.268
67.828,78.879,82.512,26.379,90.137,98.941,142.908,16.152,106.605,60.796
62.007,86.232,107.994,148.777,115.629,10.81,18.549,131.234,57.596,112.345
27.445,66.332,85.91,106.445,136.475,37.746,159.454,144.073,124.05,68.265
44.588,112.581,83.561,136.857,64.84,17.315,152.545,25.335,100.806,2.933
74.727,118.677,71.272,108.154,48.393,77.66,81.13,107.562,152.062,16.837
82.374,113.532,100.838,143.84,144.743,110.578,-4.83,120.071,51.843,0.522
30.244,109.097,85.797,82.288,137.392,82.45,21.598,97.874,89.252,54.067
104.375,78.317,127.504,37.522,163.88,129.926,144.274,118.013,95.397,13.457
53.822,128.181,117.96,84.198,96.376,86.132,4.84,15.465,131.206,14.164
85.082,17.427,70.35,94.29,116.457,14.357,12.68,136.346,55.852,9.99
51.672,58.701,97.735,16.537,132.555,65.69,137.849,122.757,71.891,21.374
33.753,75.053,90.382,112.319,43.341,76.178,64.211,7.809,142.847,119.964
27.056,43.758,106.538,45.743,103.511,-7.069,156.396,-7.948,37.802,96.501
97.648,101.981,48.648,96.696,122.9,123.331,140.386,65.631,84.334,115.1
62.891,41.715,53.367,94.303,80.36,9.226,93.616,46.05,83.999,8.138
51.454,77.884,84.459,152.894,50.684,64.99,26.721,71.71,103.655,86.882
29.181,85.886,86.203,114.545,99.433,4.284,30.162,107.086,71.116,54.524
34.418,133.438,110.414,106.631,53.36,44.148,121.189,163.147,117.11,126.267
41.381,117.034,27.953,124.943,159.258,32.215,139.295,30.763,41.562,-0.491
78.147,86.219,73.207,38.592,98.255,106.747,135.647,165.598,49.611,20.87
59.06,85.111,59.525,24.608,91.873,-4.193,108.543,101.993,100.114,123.751
52.449,55.883,93.698,102.503,114.344,97.777,11.149,100.697,75.57,65.254
57.481,129.718,67.63,25.729,91.695,84.672,6.386,137.115,50.728,79.671
96.54,39.452,66.006,56.356,72.82,113.665,50.775,71.386,60.957,85.026
35.173,99.747,40.985,146.029,154.727,1.744,71.668,78.758,40.349,31.29
60.509,98.253,61.398,11.612,69.853,91.95,95.034,161.779,94.113,117.296
102.424,56.404,92.524,28.473,96.45,95.447,123.901,-4.002,98.076,104.443
114.023,55.982,127.39,49.554,138.097,6.042,123.046,104.234,36.299,87.296
55.998,92.04,81.597,96.271,46.526,120.029,138.368,19.0,40.803,16.882
29.604,87.169,91.424,6.349,52.271,71.35,17.88,66.548,101.362,127.138
114.03,105.263,79.322,155.891,126.689,47.013,52.81,108.402,78.092,95.15
55.799,97.085,72.282,32.246,64.57,1.571,141.589,44.593,137.37,106.855
83.311,48.974,34.921,88.885,88.613,67.094,54.459,-7.915,143.077,111.773
36.544,15.918,119.51,78.402,64.764,57.433,167.821,76.994,132.42,120.46
54.065,103.467,38.98,66.939,44.835,64.055,-4.576,124.512,93.313,24.328
38.401,50.258,52.24,134.058,65.932,49.614,153.196,29.501,130.789,77.894
81.578,77.057,60.745,53.691,145.971,7.107,109.249,163.837,69.006,8.702
103.338,101.224,39.305,34.688,49.66,46.767,51.774,1.38,71.169,44.269
31.686,19.654,68.91,25.833,95.417,29.363,23.909,161.759,59.799,10.887
99.546,132.152,120.284,49.684,80.675,63.776,41.914,92.445,66.854,111.02
97.628,118.036,118.533,54.415,73.328,34.976,90.559,104.093,45.333,27.081
37.869,34.927,68.137,45.161,46.255,82.683,65.703,45.0,135.042,7.735
38.235,78.326,35.652,36.049,161.223,63.864,-0.48,37.429,79.42,126.518
51.724,92.213,56.242,36.38,71.204,59.235,6.813,123.568,51.612,124.675
48.272,48.048,50.64,108.597,145.077,60.769,124.528,124.43,70.307,119.354
45.003,116.402,92.468,38.476,76.205,17.817,73.119,50.181,92.218,84.646
58.591,40.093,68.488,91.782,153.38,35.251,103.963,94.659,63.638,122.57
39.877,71.926,60.104,75.544,126.645,84.534,0.46,126.884,147.988,45.008
33.758,133.626,46.949,148.352,116.62,62.876,71.96,154.119,44.846,1.653
88.723,92.592,35.341,93.468,120.917,61.648,58.116,132.074,120.445,8.265
71.691,29.018,101.486,39.252,102.131,61.476,33.498,100.868,71.275,113.006
108.871,91.606,125.607,136.21,49.743,12.601,64.921,19.849,151.341,101.434
45.852,89.22,56.431,2.955,103.311,41.614,93.583,20.151,124.439,115.799
107.968,59.755,107.053,5.496,127.234,13.509,55.915,120.773,148.796,102.278
39.918,39.627,41.581,73.572,89.865,65.878,105.608,49.201,64.334,17.865
88.724,16.733,124.827,115.771,86.734,74.487,52.454,11.537,147.306,36.51
25.746,54.582,124.776,89.556,63.915,3.652,138.069,104.859,150.413,83.512
78.386,58.131,53.46,87.842,46.22,59.83,3.391,128.834,101.17,68.373
97.806,117.416,103.95,47.056,49.088,117.721,56.712,121.537,32.546,39.957
106.641,99.612,73.137,145.109,158.65,58.272,101.667,75.649,112.821,101.451
98.768,39.323,83.448,0.561,45.751,30.866,108.029,87.317,115.411,91.733
55.022,84.791,66.406,28.897,141.933,2.942,149.534,8.788,149.18,9.468
78.381,27.287,49.509,119.281,52.481,23.414,68.117,119.682,90.634,98.23
101.994,72.553,58.662,118.83,153.101,54.245,133.186,-6.403,108.58,94.216
70.005,106.44,100.072,84.865,149.46,88.01,162.849,64.774,41.364,64.862
37.676,52.447,70.913,0.668,74.784,40.438,24.602,148.573,125.954,7.298
56.405,19.385,33.368,129.827,119.176,41.352,51.316,104.507,94.004,36.221
44.286,122.58,52.509,8.45,156.528,29.861,135.234,15.644,117.612,126.225
36.133,68.176,118.615,85.466,99.338,68.978,122.069,85.894,125.633,34.438
42.408,119.319,106.612,116.821,116.819,4.345,129.321,35.356,95.478,5.536
54.055,60.194,33.803,62.206,107.983,29.881,132.296,138.407,32.542,3.298
79.769,18.597,57.86,2.121,111.694,44.154,137.794,-2.416,105.007,86.16
103.754,73.67,48.956,22.761,156.977,130.62,68.003,133.786,47.508,45.229
109.405,103.799,71.006,111.51,95.178,70.883,66.887,54.828,85.939,93.682
33.066,60.057,85.176,120.887,157.726,50.577,-1.253,94.606,108.586,38.838
45.404,119.362,38.733,138.744,80.333,100.495,84.006,3.15,49.948,110.675
62.631,60.4,82.883,2.892,70.413,118.081,138.593,77.806,102.784,85.233
54.767,108.496,28.631,76.146,131.464,7.479,23.262,156.548,139.39,21.067
31.898,64.237,54.848,83.844,80.631,32.142,65.362,43.872,124.659,127.0
62.939,23.207,33.704,123.055,76.02,79.903,105.102,20.24,129.16,79.782
59.076,116.486,30.361,14.029,141.724,18.85,147.2,13.855,130.506,75.668
113.319,121.581,72.069,28.31,121.545,61.776,138.114,105.897,98.499,58.806
35.694,43.32,80.917,9.705,56.803,63.892,154.418,62.074,106.106,99.871
107.461,66.261,65.743,110.933,102.094,102.759,45.49,97.808,58.802,84.172
91.788,30.756,114.832,127.447,91.114,13.293,70.438,17.415,54.609,95.368
107.008,100.851,109.746,62.453,88.355,43.482,49.967,91.875,41.285,42.581
48.039,113.788,52.259,104.837,151.192,105.966,83.183,29.464,40.797,2.93
94.012,65.598,65.085,124.558,156.422,11.557,24.706,146.978,118.576,72.916
113.894,61.97,33.201,152.593,125.922,93.331,45.405,95.055,101.222,111.036
85.998,19.662,62.419,99.813,61.789,33.636,119.848,21.465,140.934,48.342
92.429,120.438,77.307,119.943,93.076,100.948,47.965,99.254,32.89,128.192
85.845,107.73,91.706,19.735,98.493,76.13,136.626,9.868,34.981,70.191
69.819,62.788,75.73,71.161,57.941,75.236,48.228,80.481,114.657,10.444
24.194,91.121,71.649,94.315,110.945,117.966,138.249,62.911,140.508,100.066
30.192,122.251,52.971,145.871,45.619,100.133,44.29,18.852,44.755,84.425
69.688,84.721,69.541,32.075,72.231,113.752,83.951,106.118,135.996,1.237
96.686,127.089,127.496,14.017,47.827,97.039,94.383,143.972,137.382,107.035
63.933,49.02,79.005,18.788,122.545,69.086,104.589,145.458,126.33,118.946
62.081,59.49,72.354,142.011,127.363,80.726,140.564,88.412,52.976,102.701
103.527,20.985,117.077,22.555,149.524,2.134,154.843,11.279,49.52,59.757
74.788,77.504,60.093,116.193,50.604,24.282,154.748,151.224,72.584,59.129
40.236,49.661,100.183,92.608,64.071,70.615,-7.442,127.368,142.234,100.914
44.935,109.372,96.302,114.497,62.047,112.274,120.048,93.469,134.105,53.408
72.278,55.958,127.822,5.882,143.756,27.707,8.844,63.087,128.701,38.332
68.155,25.681,92.82,152.948,52.123,4.831,140.334,123.809,89.781,105.361
113.821,51.003,127.161,135.333,45.344,42.686,52.456,155.904,61.722,78.935
78.815,64.435,123.412,62.181,87.436,34.113,-7.774,143.296,109.457,115.381
113.787,64.887,39.505,54.682,149.759,74.535,53.726,15.662,120.096,8.25
30.098,68.982,106.962,138.998,123.978,109.984,20.333,147.726,77.098,123.089
58.961,116.911,39.846,76.452,97.323,-0.873,150.984,65.735,46.926,79.902
96.156,77.174,43.982,58.255,66.022,119.335,62.572,35.545,124.563,93.53
93.574,43.595,53.951,24.502,118.723,101.299,7.674,161.702,149.531,86.582
36.623,79.776,104.685,116.222,50.091,0.895,56.381,48.101,132.07,53.628
59.518,50.325,74.303,126.859,88.383,128.352,78.695,120.733,114.08,33.492
95.936,73.532,83.692,102.051,128.039,26.711,138.302,47.055,65.652,76.369
27.312,103.373,105.187,28.004,115.202,36.936,73.02,157.527,122.364,107.569
99.413,72.808,53.174,125.038,131.401,121.189,136.261,-5.811,112.789,13.37
92.934,103.942,101.808,134.243,116.326,8.059,21.41,122.17,140.202,33.879
53.955,47.852,75.166,56.542,103.245,129.667,24.849,80.954,48.523,39.011
114.643,24.991,52.505,24.294,148.74,130.941,42.568,109.895,113.833,121.163
112.757,66.874,113.07,120.109,77.786,130.759,62.526,-5.534,67.443,49.512
74.831,105.842,93.37,124.04,130.943,95.921,109.8,141.433,74.502,24.855
71.234,75.579,71.787,40.288,67.494,98.598,72.687,49.483,129.714,29.368
64.346,24.117,59.859,157.196,106.844,-5.951,38.25,48.7,100.201,20.289
25.816,72.868,47.017,84.446,140.41,21.613,154.535,25.828,46.326,56.336
32.524,101.884,33.917,129.078,98.599,126.608,126.215,145.562,104.949,43.849
96.556,23.773,89.69,131.008,149.925,49.872,50.242,160.387,105.442,94.403
48.061,120.319,50.847,22.517,58.892,73.385,151.112,56.172,95.074,1.658
44.779,28.728,110.691,33.452,78.366,88.698,-3.859,47.651,105.326,44.743
86.656,109.486,73.011,144.156,87.41,133.162,60.231,42.774,41.439,108.355
80.828,92.226,76.448,43.053,125.542,99.818,8.472,83.196,48.827,16.283
27.435,125.234,44.415,35.391,108.03,119.336,57.955,142.61,137.647,68.722
72.913,74.077,81.75,72.586,83.337,32.424,45.139,46.965,31.895,81.265
89.783,60.16,76.419,42.672,85.515,65.466,124.708,90.506,113.918,56.879
71.45,76.291,89.999,152.367,100.335,95.947,11.115,24.177,76.05,56.273
62.606,71.953,118.003,47.974,92.471,5.355,108.728,142.873,90.901,122.992
67.427,46.183,37.925,128.884,67.283,105.147,89.765,134.697,71.581,6.05
113.985,101.232,82.382,70.957,116.26,99.609,86.374,133.953,31.111,24.633
92.635,48.888,100.916,19.854,159.879,80.123,50.054,75.043,59.694,2.689
85.169,53.851,108.321,118.06,77.098,-1.804,168.535,84.933,78.674,61.637
57.376,88.693,44.549,147.181,104.142,72.703,107.169,95.037,90.25,98.557
106.099,101.12,104.507,14.228,125.741,75.672,30.041,9.0,89.945,45.749
96.453,49.716,29.619,92.148,153.542,116.112,11.519,39.281,45.555,2.515
36.727,32.625,74.511,121.912,134.148,126.433,167.619,81.876,87.58,41.155
87.702,17.986,62.788,154.098,144.152,57.565,78.046,75.344,136.721,13.256
47.898,103.661,87.078,112.653,82.237,19.384,128.183,154.924,36.958,17.507
28.197,123.148,53.363,134.652,144.267,101.861,74.711,20.416,60.952,122.241
99.065,91.247,78.71,80.882,144.487,98.639,133.277,27.394,146.213,114.959
76.252,54.292,97.698,149.731,59.428,48.43,103.576,-3.587,36.227,100.374
78.424,30.767,43.252,23.626,49.76,8.394,144.526,80.451,91.005,12.528
93.143,121.562,93.229,100.001,84.01,-4.566,99.392,72.132,99.022,23.417
85.813,98.09,56.073,36.967,81.752,113.722,153.589,158.494,45.316,114.86
36.408,80.03,40.946,13.111,80.21,23.247,95.808,69.049,37.728,50.088
81.888,125.064,88.839,113.214,163.651,28.696,117.481,68.31,89.806,0.612
68.694,59.843,103.785,100.387,117.569,40.955,119.054,129.559,151.048,35.042
97.168,17.83,94.999,0.135,82.307,101.462,137.695,119.92,104.922,117.36
41.269,131.242,123.944,53.105,111.076,124.657,45.854,7.08,80.405,81.544
109.243,117.927,30.454,29.303,72.498,88.835,132.3,125.084,146.356,73.047
92.139,34.953,81.265,43.895,70.769,111.194,33.447,127.616,63.092,88.775
