Response,Explanatory1,Explanatory2,Explanatory3
84.3034650172717,73.239,103.796,48.53
87.73874034323782,154.511,114.858,157.94
103.02768217523297,137.24,112.097,139.936
90.20199823742796,65.532,85.096,143.95
93.60233883665441,-0.181,98.673,63.961
110.45033700260953,46.878,71.945,159.988
86.41703973132005,106.455,87.723,71.633
90.30647732612587,142.43,76.253,69.1
71.59355408557822,68.777,112.132,106.53
90.36936580985314,179.058,27.872,23.672
98.6376333665261,-18.548,18.505,71.717
86.56657193669736,51.324,72.053,104.034
122.91638531953697,94.257,60.448,142.784
87.10258246015918,145.144,47.531,12.065
103.92572335943868,51.733,20.58,121.359
103.22754768911116,145.876,41.99,60.11
79.83603644032976,36.617,127.1,89.85
90.93194729132102,177.68,47.205,66.396
101.35973482365674,93.706,38.1,37.401
70.64959063276271,46.914,67.577,31.062
85.47807242539777,85.919,52.49,131.433
96.8681838717346,-3.615,32.445,82.86
90.07701809783786,-21.299,47.404,75.181
88.22671502783162,94.688,85.198,53.313
87.38252680703292,21.67,56.117,118.429
88.65533640579353,46.27,105.189,93.405
88.57414119524175,50.496,95.35,114.299
91.69749977409215,154.127,20.995,-22.199
78.13432124138009,-13.83,60.992,75.482
108.07592048510868,138.912,51.508,17.491
75.34200002138085,96.179,43.498,99.808
62.97035416963831,47.2,109.202,95.073
87.52117828010734,47.076,16.503,75.409
65.19309978035632,176.238,41.271,-2.924
107.27797866604774,7.209,114.974,31.047
92.00263724092193,30.693,138.334,40.472
83.78013373597517,132.629,48.174,103.187
90.23999302182585,50.677,122.874,112.404
61.63653404173492,106.766,85.358,102.288
67.32134066943316,86.685,97.602,73.118
110.74949864590255,146.747,114.283,102.275
94.49863421910241,127.808,68.61,105.294
62.155788197347306,72.691,119.342,53.585
89.59407398858228,51.689,34.56,92.609
91.6609543958847,74.831,86.453,53.479
86.26030427382688,128.307,70.867,158.281
87.9088295469965,33.155,63.48,55.708
77.8494720606502,85.113,70.554,96.078
81.8235021446528,108.704,95.092,100.243
83.30930518598142,107.612,126.534,121.233
100.11678727629796,39.388,97.322,-7.807
96.81317019582613,64.948,58.451,76.457
97.34258504482492,103.701,94.179,114.112
99.48725478985912,175.176,26.415,86.378
90.03562498628796,91.402,58.382,68.811
88.16471564357062,108.534,45.855,63.381
110.72077864028313,30.517,66.228,70.146
94.39794229656005,144.753,105.442,99.611
123.80995267837899,72.255,44.091,88.545
66.42492037668164,145.914,128.047,134.672
75.45900051720436,11.102,125.786,132.645
86.53888611417568,119.941,121.569,77.622
87.21619465244653,89.98,76.84,96.869
90.3641223603518,57.999,89.076,32.576
89.61900779324502,110.619,66.264,58.602
82.55563827009877,37.955,63.475,123.219
117.73060735608641,60.939,60.567,78.075
98.58912782596639,-1.006,61.875,100.432
78.94625043299182,43.453,94.689,96.571
90.56390973348745,147.056,140.409,43.907
86.92958524767398,109.309,26.578,102.754
96.85627921278333,98.389,154.392,39.413
74.60234198754836,96.513,100.413,2.25
95.00998999319837,121.66,131.904,138.71
84.25883486792739,30.009,102.365,143.549
86.149466078717,26.847,93.525,78.494
72.00260027455974,89.907,52.374,61.512
112.06854747385482,15.547,78.693,-0.659
91.59604604432722,140.279,85.781,63.784
93.40209175867503,6.307,73.857,2.56
74.40760327438677,106.5,37.459,65.63
99.78254005221916,94.333,133.55,11.558
110.92495039964876,100.861,48.224,27.19
73.13871200405829,107.431,129.597,72.128
85.79095324189576,76.258,41.514,124.468
86.67823785584022,8.703,85.535,78.74
83.23145287593717,-10.479,62.847,66.461
47.97705694104486,49.376,46.936,128.014
84.25724784653123,86.504,87.357,81.653
84.74184671297135,3.984,131.769,15.2
90.74317759812163,126.821,59.476,105.65
92.66902111305606,140.118,95.2,153.01
79.34996311869953,65.533,49.166,71.456
62.21317539604554,79.517,46.933,43.283
96.71751233385548,126.199,3.835,100.523
98.57542973163515,25.245,67.72,101.048
84.10651754296961,41.665,100.337,77.3
97.55181229031636,27.175,65.271,-7.386
58.21082851479434,135.612,60.291,104.239
89.34075774236297,70.009,115.614,100.988
77.71905910024327,78.089,47.48,77.0
104.45004992043334,125.309,37.586,62.984
91.2157727612188,177.209,92.16,85.418
94.04738095851633,0.697,42.6,120.384
92.84542673182888,58.534,107.538,56.175
100.11808585631458,38.634,141.136,64.386
84.70137431494076,104.889,55.972,15.881
100.91466198355133,37.767,39.11,121.398
102.70373624901235,55.832,24.763,85.217
103.5983783578476,56.173,115.731,73.045
88.26761569347231,118.024,140.9,128.264
82.83267683424742,8.593,98.259,52.333
91.48719062715526,88.053,128.43,46.872
86.87264910521039,81.605,156.531,79.68
83.56600736352932,-11.005,59.957,95.929
89.98287092074372,3.555,39.131,56.138
81.24467362202296,89.324,129.44,99.079
70.95336594676053,127.209,49.959,10.917
48.812018071791755,114.529,53.631,106.116
81.3925633862511,48.027,88.976,115.38
86.5733929653495,130.444,119.33,109.46
98.90704685749799,10.823,3.972,60.406
95.29922562518381,84.6,61.379,62.183
89.13560113636356,68.074,76.355,71.786
83.37930357627698,48.34,67.211,67.862
90.01456224295816,141.995,107.179,53.599
96.02004085883507,71.796,92.367,92.573
104.1451374677857,53.442,130.79,31.415
73.72383082646866,132.841,26.181,80.573
81.79726591526544,102.891,73.25,38.502
88.55343028636116,40.595,99.715,16.833
91.78780396247875,136.353,122.775,49.575
77.64924608960044,77.875,130.539,93.433
83.62359031758312,68.476,149.749,87.459
89.29132164012051,149.124,92.193,112.132
79.6836976423327,64.993,101.053,126.962
96.16982008582053,19.55,121.572,65.531
91.1305104055908,96.419,51.242,65.841
95.39450835139354,148.374,67.328,105.605
65.93033538400705,-11.207,67.799,106.813
90.24211034042013,37.7,75.633,85.704
67.96566102719581,115.396,101.97,101.968
92.31805996217881,110.226,70.052,114.069
46.91576756153704,90.97,86.995,76.44
92.94282445341243,148.639,44.23,-0.992
84.76306023468248,43.696,79.404,112.995
41.88926651428291,79.92,66.654,80.785
112.528349163798,135.481,27.331,89.475
90.88940377418359,172.452,84.641,103.715
82.9060560443669,37.3,129.61,76.889
95.42672035630164,20.693,40.916,40.58
116.66902188789946,70.773,6.226,109.275
82.87613441146917,92.218,100.679,3.708
43.873548749100834,103.534,69.302,55.103
88.620637293438,68.336,64.413,30.189
94.42245520246871,-8.893,85.546,65.171
89.7408888456453,140.644,110.693,86.859
84.66238085883953,76.492,141.213,36.507
130.79231286476107,0.398,45.135,119.285
104.95694184303167,169.014,96.65,47.844
107.03479725527467,155.038,72.39,62.641
95.4942334395493,33.802,94.717,57.115
95.94635235334299,29.99,34.298,96.249
93.17265264555938,34.149,78.036,113.392
103.3218907045746,60.447,48.284,24.281
87.06663771155071,89.771,45.55,20.98
86.85640752499245,101.89,41.862,65.851
95.38214124559927,85.334,144.872,-6.65
89.58984687183873,28.782,63.464,123.195
89.77203231555197,25.102,96.585,102.948
133.2405296106288,25.616,59.033,150.493
108.43343840218736,111.884,74.854,131.544
82.39597635469255,44.86,40.08,97.651
94.5863967422601,45.623,62.717,120.815
92.89318885803554,-22.555,152.824,120.128
87.00644318178914,80.762,41.3,117.697
90.50137630987435,87.931,112.393,84.391
67.31738076279936,71.226,57.73,51.686
65.95927589429992,-3.815,97.618,26.642
88.90398558570948,12.272,82.23,2.963
66.51877005289523,54.743,80.615,25.157
70.65791768597845,20.33,90.093,61.348
85.4266401963115,-14.963,79.595,142.691
90.38459052370659,106.389,78.091,55.941
59.37470133783111,83.157,71.369,-2.532
104.81835955514157,122.22,74.342,53.508
88.2859877602879,35.891,112.044,155.569
83.24867992052883,127.787,75.881,38.39
69.8902139454345,27.351,108.965,129.925
78.49689044019124,25.688,127.121,98.355
116.40722068355578,108.653,49.901,70.015
88.88288025282402,105.384,91.63,103.744
89.31373757580639,12.162,46.637,116.779
88.37952805676122,42.822,108.043,157.776
96.83695071918326,39.036,55.34,44.082
86.24018472667352,33.285,22.606,40.752
75.16872603544792,83.46,100.491,102.077
97.65310365168529,116.724,79.757,112.177
97.07066864515302,108.27,136.335,40.279
95.85641086080943,62.105,91.962,135.762
87.49629732299994,42.221,99.944,113.54
89.81894218808439,43.495,39.694,109.907
89.81738866380911,79.691,51.537,62.796
142.2310501369632,115.443,116.321,91.912
87.28409242536306,50.989,66.662,132.407
61.98079289134091,42.482,87.65,81.259
93.31557015190019,-4.827,85.272,59.163
101.92247017327713,58.607,158.69,64.331
83.32507135025013,117.436,79.237,75.986
96.82518361784,151.816,46.165,160.83
107.94267579805873,148.189,35.685,128.921
99.34376870603,99.74,79.857,76.961
61.72554379671401,84.757,37.112,72.994
101.52998697167499,131.879,48.929,112.197
81.57392500910545,94.366,106.646,31.37
97.02201478299806,102.317,103.67,153.724
86.84877138284241,148.074,146.726,113.733
90.65855232279593,34.214,94.455,105.554
85.21195992179531,80.793,56.381,79.273
116.31562301847583,99.991,28.926,57.877
87.3060531848845,46.763,72.752,54.106
93.79153327909226,-4.86,27.139,81.144
96.66913682439389,85.138,28.915,65.529
71.23234265260417,90.069,89.777,110.895
95.98265228830977,71.561,-4.449,48.372
66.52726766531806,85.621,127.763,71.061
83.99827233613608,53.507,64.474,94.181
68.76085920936463,27.75,91.812,98.645
41.41839947020994,15.102,123.421,96.17
88.99685258960771,40.589,100.656,156.07
92.43676532395601,126.271,60.307,66.566
94.24920424440299,59.658,97.795,114.739
85.52759889174452,94.759,77.524,32.915
87.46167462272372,139.693,38.441,111.809
91.65838655213616,124.77,60.316,-26.1
102.68874241034123,23.138,11.811,155.648
85.20284448610451,109.799,74.505,56.484
85.17792444921905,30.34,68.665,97.599
94.70313976462049,158.927,91.232,28.463
70.03896437937857,170.241,78.784,119.718
74.21917697033123,5.479,94.773,5.328
86.08814806431539,137.786,59.865,37.682
86.40493342070786,152.322,96.706,91.372
107.56222483787607,115.771,74.89,87.456
108.74196394765825,140.188,78.108,82.172
90.1201067370782,80.603,44.787,27.425
65.96093190881109,37.446,116.437,63.147
81.56797954355397,130.606,28.983,17.873
105.26682068050391,144.35,64.478,38.22
93.03249892367005,50.787,53.946,101.347
88.08347194258567,134.194,109.249,103.673
97.6655051900492,92.974,64.639,156.126
80.85865773769387,5.246,114.937,130.41
89.50999875777137,97.563,88.752,56.792
95.39304371382252,26.416,60.668,83.837
96.98770802738792,148.909,74.338,152.441
83.6762690482961,160.905,45.624,126.924
85.86701220379942,127.431,88.495,126.833
79.09143427165813,62.23,61.921,40.19
81.89177640130903,97.715,74.976,108.913
108.09468545512034,129.209,41.323,61.921
70.69562283784825,102.222,73.616,91.604
90.19851829489913,87.132,96.378,59.159
68.5531793953724,8.591,60.21,118.8
88.09597172620101,68.824,72.511,84.184
93.48281008392459,80.102,84.807,54.545
60.01856695087601,108.633,95.748,158.191
81.82207849811223,-10.468,77.406,78.712
87.49168331679253,56.826,63.993,100.549
71.85279025215424,63.774,72.42,49.112
90.76480929138428,-25.69,69.258,45.965
86.23428041080018,146.026,54.92,93.351
73.18056971580313,63.946,111.489,113.735
60.92362141327233,65.991,105.147,58.535
83.7662662773796,47.901,95.781,120.845
67.8939586572869,149.287,123.322,-8.378
96.57096526729062,115.92,25.962,112.133
81.86460707083258,64.075,89.988,62.078
94.57368777750824,113.896,43.427,135.712
108.59595849501747,100.696,35.285,-0.67
87.08513387404705,35.411,107.193,83.589
86.34795717018918,95.658,106.696,42.294
89.8710652394933,37.329,117.832,34.198
49.21552657491886,89.675,105.148,118.028
75.74188904781732,35.222,95.911,15.996
84.6523657953957,119.636,25.789,-7.962
90.06125822128254,41.984,84.689,97.808
83.87974488170644,71.351,99.428,129.498
86.66542625438309,27.574,11.264,60.672
86.21828517026962,116.048,40.122,67.033
91.6874050835731,21.847,83.534,101.538
109.89791639666247,56.443,72.061,43.939
76.92392901915835,156.226,77.245,101.598
60.94385696895674,104.311,58.747,76.851
94.89059893847374,-2.141,101.009,22.204
84.17340095574392,84.393,80.738,48.559
95.38717362628675,94.782,134.706,9.284
87.2860105049314,68.982,37.941,131.505
76.84515955720289,67.277,52.355,167.859
81.1814946491944,130.911,18.177,21.979
86.77936319673971,110.263,90.634,119.987
54.30706005015293,86.341,65.17,99.299
75.71714554170087,141.466,98.389,96.726
86.69394398956526,16.819,24.68,91.711
88.48634340710838,75.675,24.697,17.897
95.77548346900316,104.728,90.62,43.481
100.78322157104014,121.772,102.299,111.585
84.60627122712972,97.382,87.129,100.496
60.490195874560044,30.29,92.168,25.151
81.48717758689381,109.667,140.371,99.254
96.1249790157512,120.409,21.491,44.709
88.62457217053877,29.382,69.453,147.477
79.76445234225443,11.216,77.089,104.629
88.48050150312764,109.588,4.209,79.161
84.79321416060802,84.573,57.359,58.276
76.94425423027477,138.924,91.023,65.506
100.94674965393335,6.401,106.553,4.378
88.0267226955695,23.813,91.059,-2.573
107.69765012169445,6.434,65.367,69.545
97.94699092327872,51.518,150.234,85.707
96.19063535832377,108.255,25.55,83.538
93.59951901513682,89.768,53.222,120.757
74.32013659055494,25.071,89.272,2.003
100.67658949700129,117.72,71.558,7.201
94.53350160871574,-13.188,21.727,97.686
95.8578645735814,28.472,47.738,119.365
89.95731171402463,176.256,69.717,108.144
87.81111245630815,99.172,61.177,100.449
71.62033247308094,124.132,157.773,75.714
81.6521425888291,147.852,32.795,144.494
89.33029034142112,36.913,82.997,74.336
83.97066344892576,105.572,36.451,9.717
100.81575735520896,143.452,65.124,11.859
87.16371240480169,141.41,37.976,90.342
86.93091063620818,50.706,15.068,77.066
87.26632021872022,43.381,101.981,94.801
94.03663182665977,72.354,47.052,16.364
121.6914025377017,90.085,7.314,38.66
86.64081743332252,154.967,85.355,169.507
94.08682793455037,147.69,79.021,65.192
92.50212124664121,-30.487,118.801,160.189
107.25471797813154,165.733,34.345,73.842
87.3999952209196,39.7,70.292,-14.882
60.45941992293032,143.848,66.485,99.787
93.6062580151865,77.611,94.348,63.614
76.86946081814415,-4.015,148.441,19.813
83.27818531949977,82.935,132.265,77.548
77.95912667802307,128.476,116.927,61.96
98.3150573927003,-23.049,123.941,27.706
55.345835699106786,170.112,80.192,100.04
101.58443578004491,24.382,143.475,114.38
105.49780038297367,97.578,118.204,110.806
97.72885076492904,8.083,94.818,92.878
80.13186168110762,90.389,50.079,132.87
94.78654627848152,84.031,19.548,23.971
88.6038935963311,145.302,59.534,129.105
77.15062277888673,48.598,81.463,78.378
92.5260046422043,7.172,28.59,20.161
69.84615270340495,28.513,68.403,72.137
98.49902406077751,123.396,89.021,134.827
77.0284674264003,76.48,116.244,130.779
95.91567994357274,171.552,50.79,80.766
71.08431844906099,121.813,68.914,93.136
97.36136213290169,117.019,43.289,154.833
89.23953132362709,45.111,15.754,65.438
96.50117735843145,45.946,84.236,125.729
92.29535465435937,45.011,77.402,57.166
73.30737987546418,52.284,70.28,78.098
91.89050119168174,42.922,46.699,18.865
86.02069859399714,11.133,142.344,144.805
98.19842357550586,122.266,137.56,111.758
105.73340469410898,150.147,118.947,83.979
92.92769195944001,41.085,51.826,43.677
85.91355808817306,146.399,46.374,27.495
88.54128627651376,54.689,50.951,123.235
93.83482998186437,141.579,61.888,62.831
91.86688189120962,104.674,136.96,125.96
85.10209400881313,96.268,133.213,144.996
108.71710806043868,158.407,13.356,49.262
84.08061966777434,102.095,50.766,78.919
94.40039047947006,49.21,81.24,120.176
82.76176300070871,152.411,55.643,54.31
85.54702423474154,134.952,60.325,111.186
89.39414428371904,94.184,82.25,55.089
84.48252894589065,62.32,78.427,77.286
96.07281290418769,135.819,56.409,83.827
84.989687200273,119.677,66.115,50.793
83.87314337287366,156.163,111.023,105.136
101.76343572129508,80.57,49.118,21.768
72.34316394579784,104.261,62.939,21.423
89.92690529234494,15.913,45.21,150.501
114.6625239136615,122.002,99.613,90.894
54.17475174794146,140.19,68.379,79.929
89.01726690612861,75.389,76.51,83.966
94.69277403317383,-20.35,85.103,60.76
96.81632060183858,19.247,77.501,152.877
76.17802403552996,27.744,99.919,147.003
104.99349170723006,94.197,85.978,135.501
87.63835811961165,92.922,87.125,34.869
101.11966689398652,70.967,130.378,99.557
90.77705837021558,7.546,104.126,19.166
93.01588664095972,108.183,80.618,28.941
111.00067240458692,106.213,56.753,-9.559
87.63481783305835,42.636,102.229,131.05
89.24568270612647,132.508,89.752,78.315
97.69953210776947,130.164,111.328,122.325
91.71131530881419,81.635,69.8,36.918
96.23698973516079,169.904,71.493,67.421
87.8363598757816,68.964,73.398,32.46
83.4044111432815,139.476,50.968,2.928
73.09683255338798,96.53,96.788,100.35
97.19363989620992,58.807,31.804,136.779
96.46226571485678,67.242,49.122,56.574
89.97558421039452,91.631,129.792,-6.183
88.65836770636732,159.505,112.493,62.807
105.00951539149968,108.679,74.948,98.138
96.61827830211864,66.079,69.068,126.206
77.22105075610756,95.224,114.325,43.379
103.40721081126095,28.695,81.027,90.235
118.78652515206252,66.751,36.76,80.52
86.91854357303897,89.145,104.148,102.201
76.82125540394517,118.042,65.753,74.674
67.86035471063016,184.87,65.076,94.711
91.08093388424066,5.359,48.426,46.379
93.36352817999469,112.391,149.358,95.493
97.03468488347984,-17.234,32.69,110.825
111.04306102221133,74.175,25.284,114.837
89.73003652940703,85.131,155.713,78.47
108.1695636018722,76.225,25.946,49.508
94.46641832882452,80.142,40.264,164.472
63.27689667705138,78.862,112.456,44.236
82.14385709098403,117.279,155.108,124.298
93.82867749108706,19.1,79.624,111.991
110.07395140963001,92.084,53.569,10.321
123.13827383803977,94.504,50.119,31.649
95.15650447314081,104.996,69.421,145.423
82.65555611418803,102.307,42.844,144.639
99.58199492128705,108.234,55.266,26.622
81.2963868465898,85.256,77.239,93.62
105.12368438210947,91.929,81.04,78.013
81.67598851992769,91.46,38.584,124.378
93.35041233649977,28.346,64.854,68.983
95.3107207310426,-16.561,120.678,86.369
95.13996426284646,50.707,54.659,83.963
104.66265962397236,139.036,38.027,108.306
94.43372897251498,67.077,31.513,69.31
87.62148021741686,85.024,118.829,112.887
92.99049347496177,45.019,68.823,87.456
103.84425991802186,109.523,134.215,80.894
77.74234341669799,127.927,93.856,-0.83
70.3521951660131,81.674,111.788,60.087
93.99050747527423,-22.135,21.949,119.805
81.52213790792949,81.144,93.625,76.458
97.98977552408161,85.718,59.192,62.685
97.70594304905129,136.173,63.811,130.3
92.19300918814461,37.998,74.585,30.544
82.99304791883533,105.168,111.522,44.052
90.90330934611791,131.738,69.947,137.909
82.73966685935294,5.313,52.561,75.298
98.78949447056442,167.645,63.215,28.172
79.53268647897649,119.927,127.141,-7.724
123.22785796774407,101.497,85.732,104.474
84.29243290992547,-5.942,103.708,65.79
109.67539515258791,127.352,105.252,69.266
89.06448968170754,84.783,66.967,104.891
69.32027573576664,74.6,19.676,51.136
84.74757328915072,58.123,17.769,55.884
95.31634193240023,22.554,35.182,117.1
87.47057455895175,76.284,99.117,61.607
81.72768293500697,159.363,110.255,117.252
76.01134026620417,136.055,40.445,93.688
84.11397544493319,102.865,90.228,52.101
79.12220495184076,139.238,27.693,82.328
85.34132921255623,160.342,110.643,8.073
85.21445728597617,95.591,95.783,97.303
81.5768991326699,146.545,76.462,99.872
86.27580709382997,65.7,53.292,121.306
88.78046006348453,12.185,106.586,114.953
86.32082516353267,13.928,108.548,122.68
88.48269708413845,151.105,144.804,1.805
99.28471858280147,98.383,70.131,70.979
88.87778622076017,92.28,70.687,105.414
98.91855423996144,50.914,65.122,61.0
98.91163423408133,111.766,63.581,100.884
85.57663081871041,99.679,71.772,61.548
104.5508129734858,53.464,53.381,66.458
84.53016158962177,89.799,65.327,23.647
95.65973318068384,146.385,71.733,6.447
97.934521481279,11.204,118.454,101.073
99.44315037898468,79.575,93.438,116.775
104.14529675442428,63.285,20.562,2.057
93.60054735242828,133.329,99.427,79.704
122.34048986024246,66.268,13.243,80.419
93.12208711969907,82.511,53.577,146.277
90.80189855828,5.5,61.237,36.336
89.50529694657558,86.811,107.775,24.395
91.47013533868534,87.936,65.264,100.364
88.87986582766106,55.791,108.069,102.553
159.38500205455398,52.723,89.221,46.587
78.6220095710704,31.2,130.884,40.611
87.2862358245948,61.342,118.366,109.63
76.73385013641705,33.407,136.579,-28.207
89.4604741851678,84.298,33.666,53.298
81.49441119417054,123.253,115.804,96.275
100.05670449802156,116.05,1.434,68.121
55.61639243114737,3.28,102.694,68.602
91.49343295408468,127.122,75.76,123.606
78.33310660888996,70.416,122.506,76.699
96.18802252045779,73.827,51.649,104.245
96.34513932864971,123.97,29.273,98.194
92.91579551018661,74.143,37.235,132.536
77.30180998824817,118.85,122.922,79.369
86.45179181222191,13.255,94.457,70.744
96.61293142854186,86.026,65.587,70.041
84.23832263924581,124.745,94.144,111.525
88.19434579604841,58.918,62.098,58.963
101.02356693811369,65.439,62.715,92.394
97.67797318511495,101.471,60.541,91.55
75.01522263835844,-7.83,123.156,146.027
89.59607076263582,5.635,73.095,94.068
98.36029478955982,150.762,74.36,83.33
109.99567456031664,62.898,2.707,61.515
84.1197308980132,107.914,99.139,66.622
111.1172449611847,80.776,120.218,-13.531
88.01311991785775,92.409,65.958,35.789
88.0611903745826,98.802,85.665,110.404
102.98435550418375,133.643,41.131,89.779
145.47876631164132,118.8,83.892,28.616
90.18324537096503,97.726,34.199,53.588
81.46219526793705,81.74,67.554,119.754
75.53387644708349,100.952,87.192,127.51
88.3257159728889,104.113,116.903,44.886
77.64613525124385,99.351,144.922,51.514
94.23672002499687,117.849,158.533,101.405
89.84076759090092,65.268,70.032,119.557
81.54891386519343,158.057,85.414,124.103
93.10426130260271,60.645,54.482,146.6
77.38293411545519,74.21,85.69,106.052
85.54964541677046,111.164,26.685,66.348
83.55303544915152,77.376,43.785,118.007
84.08173785708678,144.782,150.683,142.809
88.41271642991296,60.567,72.054,76.552
96.86763439280968,19.982,49.638,-9.652
85.55911615527172,138.521,67.376,-7.159
93.4468171210246,13.891,32.924,60.052
92.82643071153664,108.932,147.774,79.202
76.02347526547346,27.001,133.928,82.938
79.65110363358409,40.091,65.752,15.888
81.54576124272184,126.746,20.04,83.127
90.45217180302475,-4.825,106.75,97.037
88.10230168486781,59.778,85.144,105.772
79.64640173154588,63.456,100.446,36.478
81.05380452793567,159.356,127.648,20.815
101.02719733859101,121.36,31.919,63.326
91.10850151352437,38.291,83.031,104.864
88.3506519539788,23.068,74.743,86.363
68.1129289407011,19.634,60.799,72.313
80.70897008675907,-9.506,80.075,133.769
90.463,155.987,71.68,105.081
79.65427652372789,75.852,94.787,66.865
92.69121636615665,40.783,93.203,59.148
95.25192011096222,135.812,93.923,63.064
101.27981922043827,-3.206,79.067,38.585
62.25537280876937,89.333,79.156,39.035
90.21627498183223,171.998,43.558,122.082
85.3533207555589,18.248,42.784,20.415
87.41201896160437,94.999,140.463,157.523
104.6114598551705,58.371,147.834,-12.902
96.97825132677382,121.103,64.955,51.494
78.64696403153214,41.579,44.866,102.697
91.39962185482645,135.065,56.701,145.481
91.34057070608688,74.018,57.179,35.141
57.92467008208534,36.859,94.057,49.614
95.5862099243952,115.743,62.809,7.959
141.3815795863007,2.432,75.652,82.073
117.95952942807895,93.178,49.987,133.171
71.72644405891585,73.723,53.705,42.473
112.55966149086287,77.381,12.443,29.539
102.0094278735784,109.894,90.846,33.014
96.59884558260626,105.307,102.05,100.915
90.8235675706633,161.977,29.829,100.493
83.43756166311219,118.775,21.221,28.861
92.98056104436435,-9.285,74.064,47.335
90.43379756562457,-6.495,102.299,66.019
110.20323078626154,117.245,54.451,37.186
104.65223418306343,110.519,68.86,79.246
80.6907948896897,5.966,131.764,90.002
87.43083527144645,51.245,35.957,68.84
90.72187211911009,131.279,124.332,95.985
74.71604970151341,81.038,41.835,10.089
100.77283156407815,47.384,115.28,13.418
87.07313642241296,59.87,124.949,114.227
93.25133223514817,146.93,97.796,127.068
107.23957114000984,93.725,101.58,81.151
91.54187947558991,94.065,119.834,86.932
86.32913741712582,105.725,65.31,92.985
84.9589700292602,56.978,147.651,26.741
111.30809420862954,96.085,31.647,115.48
95.74597769741318,69.863,68.835,88.387
91.60186924848709,84.055,44.764,98.616
90.849282086863,33.079,20.133,88.992
91.85388813295411,49.897,79.704,65.406
96.75169132523008,135.829,14.351,14.28
85.92455764734181,119.073,61.795,124.816
43.33736805665656,26.862,124.008,151.866
106.16758212439822,155.642,59.315,108.183
80.78656677090402,155.601,132.018,110.387
114.27220974862017,94.522,69.892,118.059
86.22626609285155,107.746,41.994,141.483
87.61883987846346,157.569,80.965,34.742
84.96400098324663,90.866,31.437,93.747
93.25213864381271,42.008,63.046,97.041
75.53141896715942,51.269,16.586,70.305
93.0873706053263,94.584,72.864,76.451
63.99490691214271,59.265,37.967,74.986
103.50483772203003,43.449,147.457,88.731
84.97507457026225,54.718,101.667,121.256
86.97822859300074,81.95,81.68,10.676
94.55307303535301,86.828,59.137,77.411
77.10514473135974,166.191,5.943,86.19
88.66470942052827,62.787,102.538,82.347
93.70346019270161,25.085,123.169,114.477
88.65115661607014,175.294,155.353,57.205
87.50756187466753,40.711,122.314,149.16
86.45049631322269,45.891,143.144,117.775
101.04784284750346,84.273,72.188,36.394
84.94474274130556,38.079,41.985,102.461
96.83852718287909,81.909,19.466,83.072
119.37589907049227,145.718,46.257,127.949
79.91233825458913,163.657,29.208,120.47
87.63457816046989,103.678,18.855,119.963
98.99920677350558,107.314,63.0,113.258
108.17152274261112,149.84,61.208,21.457
85.17123981077657,101.401,84.072,97.778
77.79607098584614,72.344,86.183,104.631
86.5234300393777,82.132,83.22,139.73
103.63749003206648,63.97,90.568,114.986
95.91838777173815,39.551,61.494,111.367
88.29780038113104,1.441,139.679,86.837
71.73426512922387,-14.346,143.387,97.62
95.67737165550653,125.883,29.968,-3.473
118.19399234054168,110.916,43.582,97.543
68.20112990244357,4.087,80.694,131.224
98.57171338448937,27.818,21.922,0.61
92.72211800862713,-15.099,65.472,122.89
111.47322070420442,74.357,76.653,132.351
91.56023119475111,95.1,97.928,11.832
91.4632902033383,109.3,79.255,101.487
121.18844840734818,155.817,53.498,-9.89
85.22316640678739,99.594,74.671,72.565
91.86949915307152,-33.128,98.584,1.191
91.03155706284264,58.934,2.633,58.926
91.1413158671857,37.251,73.57,144.532
97.15106610500199,119.948,14.375,32.727
89.53558214252351,-8.633,57.453,76.94
87.18476994952621,14.862,60.803,55.143
89.34947251554543,173.938,118.131,12.541
94.93068658939826,140.344,76.528,76.58
101.46165536710679,33.073,107.256,64.177
87.41753896867554,71.834,91.402,90.167
83.85079080285811,10.022,100.289,127.826
98.62014638725121,95.242,48.918,68.261
98.6258486972915,127.129,40.777,143.839
104.40795279305922,74.413,70.963,63.884
86.83802972705962,40.706,41.708,86.21
75.71976380026263,88.032,56.801,85.313
87.09363763230755,113.707,109.305,80.232
111.45740831325637,-16.763,76.452,34.334
79.98374821462271,63.708,48.601,102.068
88.62659480261075,151.094,83.571,38.304
70.01578379778809,80.087,49.39,95.44
81.13854020457198,-10.634,131.154,119.458
93.96838497133041,0.471,30.234,50.784
81.37812361765994,116.685,107.86,24.743
88.82734561296908,5.557,43.715,103.344
112.72724211501605,128.768,50.325,103.341
90.8921416827885,64.904,65.384,50.333
92.62864482099486,154.213,107.508,90.318
90.3017933153096,82.454,69.155,31.585
94.78251571962963,27.527,76.369,84.22
88.70664068323279,79.7,80.977,13.079
82.22730861861497,128.439,65.719,114.283
89.67133445860104,86.074,33.097,89.219
79.00141658686435,8.642,62.877,23.591
77.30923479561612,46.594,135.182,109.637
90.2263056706807,109.657,28.831,62.77
82.75745987234302,109.356,97.147,134.347
57.53111869701143,154.75,37.066,105.811
88.82815062005439,76.757,60.375,2.212
122.77877289966489,14.416,82.952,16.832
79.35504964406627,86.464,32.799,60.116
88.9150977272609,135.479,34.86,15.624
85.02564666685639,106.592,63.261,57.739
85.00866724497894,153.272,153.435,114.875
84.26395748014646,39.125,57.205,149.991
85.74103157792999,111.894,62.896,33.198
83.16753152334222,134.178,75.396,65.047
91.65443525454317,62.419,52.228,148.593
88.53879320157047,160.497,48.576,54.031
86.00849930302871,115.704,70.764,22.109
84.22745998528698,131.497,108.686,53.946
76.91996185154416,147.239,121.347,26.798
90.38116082161682,95.501,80.058,46.58
99.15510603865933,89.111,4.074,115.465
110.6739663615542,30.03,91.907,95.113
96.79312913060076,36.728,112.216,49.213
90.25987706988239,31.332,91.883,77.684
82.08208416065298,150.901,101.206,121.336
103.18266336493639,14.668,87.61,131.026
72.02685566912308,99.538,48.353,38.321
89.1071327570466,3.698,36.72,32.388
88.8260311540887,130.939,126.517,90.66
101.12903084135667,100.364,113.467,11.257
101.71264217900205,-6.623,24.364,121.288
82.29192229416526,87.428,58.181,61.514
85.61625290466287,109.746,107.365,44.417
83.65266603819842,131.356,86.302,141.891
77.15531559656466,31.761,82.187,121.42
45.13657664083931,113.457,124.856,97.103
84.63629175344161,127.218,81.199,104.225
87.28805935016183,72.931,83.988,12.075
104.7199008542994,47.496,11.527,99.826
114.50009555725056,116.145,153.737,20.517
81.99545203923671,-23.467,66.269,89.861
76.57188222165459,-18.784,14.172,56.486
98.19760962944952,105.544,42.983,73.149
84.97962947762424,62.539,20.143,60.444
82.29584205592246,134.777,37.265,115.497
80.94887507210517,36.718,98.841,115.128
98.3779106150019,54.964,49.166,50.424
80.8922740486716,139.632,59.934,83.107
86.82853897126631,131.92,103.926,-5.055
101.49699999999999,-24.781,19.763,76.857
84.53696888058893,99.739,94.886,112.339
88.7953929818531,62.453,113.392,129.063
79.81770705461616,76.133,60.544,83.957
85.0657795682158,133.333,142.355,80.828
120.84559960685655,118.202,28.744,10.049
88.18040406368979,28.56,95.507,102.78
70.42392740147392,17.233,52.415,106.764
85.12115954278467,82.731,109.569,45.169
109.10757161602967,73.157,102.221,93.837
89.07593085538545,64.048,99.515,39.538
95.85473996138423,85.981,45.083,91.057
87.96118988976481,133.367,73.783,99.819
90.5791146650414,100.232,100.147,105.618
92.3092768649695,88.062,67.371,10.889
82.89578514869262,132.002,71.058,116.696
87.67180431613248,107.976,24.875,93.701
99.67276208640097,51.894,73.415,49.317
82.65491724459334,78.127,69.401,88.282
121.40513086454268,-2.949,40.472,138.932
63.760883713920364,25.741,58.743,68.375
107.03656687545613,8.241,76.47,95.737
88.50473223188034,87.716,95.682,130.395
87.87288718100076,97.921,90.825,42.929
85.7038282641524,106.685,87.499,43.089
89.51863943277728,85.778,59.482,90.144
98.73788118955146,111.153,103.867,-4.035
87.83162229235549,57.384,49.2,25.122
105.70662381508413,48.063,114.604,46.367
122.97023737128207,3.012,143.815,83.338
87.68717426138383,58.179,34.582,-8.138
91.03797358345551,63.809,84.689,54.827
112.76943661265773,80.011,111.385,78.577
103.66231007487126,142.172,57.505,29.746
85.4447554863122,8.374,98.05,107.939
84.42859210673359,-12.441,98.508,73.961
77.93521073102507,117.221,92.321,88.349
105.12819542021788,100.498,54.409,75.039
76.58691800583752,125.573,93.228,54.364
88.33162728194573,72.25,128.324,43.21
34.96122706370461,156.094,120.556,57.731
103.78105302308283,143.642,99.219,86.501
88.44496031813837,85.456,86.365,111.968
96.06599347608514,82.572,89.122,64.307
106.28931689537603,135.457,116.158,43.086
137.27072882931785,36.175,95.701,80.111
79.51349979228434,60.389,53.268,-5.422
88.80579774674734,79.018,32.496,100.206
82.99398655282542,142.642,30.595,107.579
89.13297977154502,118.537,45.858,93.88
80.83201473709808,139.717,34.176,82.916
88.5907337210477,75.081,6.775,105.006
72.98855437744852,89.639,135.701,120.431
105.30056622786209,0.787,145.804,83.529
74.50487541747266,149.314,68.874,33.876
95.8290482881963,54.33,52.162,16.53
98.88147903784389,139.977,-0.618,68.96
97.4431940393051,16.788,116.85,100.054
100.02561757945928,12.653,118.594,92.168
90.99259138575076,87.631,56.911,17.771
94.76197156226718,81.135,148.624,45.006
107.54266086747559,134.333,81.658,117.252
90.78555403999005,52.905,23.55,82.489
93.8517853525123,79.781,107.215,67.455
87.43490785637411,60.165,74.879,54.63
87.34203073245375,72.901,72.009,113.908
90.65841657287288,8.822,63.54,64.409
70.5311995504015,44.956,107.367,10.657
89.26891605727768,142.879,46.127,90.856
92.33899899880078,-26.153,52.859,41.568
93.78820236899632,92.225,47.677,2.779
83.77527852290581,88.089,127.841,54.358
100.86833767321028,90.757,42.053,12.315
92.48155396327493,118.986,28.602,65.166
103.7123527013854,-26.525,35.446,46.489
99.9981093195329,133.489,73.937,17.591
79.74625480322757,86.548,73.377,157.109
82.04380932201393,70.83,68.749,87.946
77.48503483635447,175.816,81.553,70.318
95.65752482338249,87.376,37.085,-5.237
80.42640332657271,96.401,95.873,158.58
101.24351912334089,50.567,107.606,22.769
83.60425716980293,-16.782,66.264,121.417
99.91610804098838,83.141,32.162,117.358
108.84412492151553,102.527,36.81,58.038
113.12462264614305,166.595,40.029,72.589
90.29939535366688,38.217,67.128,150.999
83.18948562001569,1.0,88.544,123.146
94.27055994311799,114.44,56.965,63.281
91.68249570212248,21.442,151.011,117.144
105.82521041580263,3.541,41.447,56.016
97.27426156860275,147.667,29.317,31.802
109.59300909642423,-0.906,160.875,84.762
67.20975254676584,72.427,39.741,-17.551
69.09271439565282,121.711,83.974,56.449
106.54676210328736,148.557,113.938,64.741
110.45497913678534,113.153,88.467,103.308
89.53938754960029,43.223,101.775,85.422
92.05424142526817,122.11,70.686,30.839
92.28190609966995,78.681,73.146,34.522
86.46110068977933,121.353,136.874,81.205
104.28850880862451,128.235,90.343,7.956
92.01255254218364,95.241,136.919,123.646
76.673745631599,168.076,101.12,13.68
82.79422677725175,129.991,98.501,115.687
81.62822327906858,29.228,66.523,9.387
84.75750005543591,140.037,55.643,161.895
85.10408246461868,36.057,65.104,50.117
99.43507998262386,93.939,24.977,95.002
97.6333373372635,113.793,65.582,19.642
48.714251653133275,67.082,75.586,163.401
80.66716738041958,48.998,91.411,115.663
86.80812430194304,117.452,43.585,31.52
86.18870334060252,100.049,71.959,62.031
88.87865901000445,139.621,132.533,57.956
62.83913666431637,110.179,61.646,72.034
91.67664337203593,69.276,51.769,43.503
98.22451528746512,42.174,53.85,153.979
95.41651440616437,115.824,23.254,16.307
101.90143472508638,104.364,32.053,72.739
87.3823909629576,136.309,59.757,25.946
85.84778834377155,129.091,143.181,67.516
92.36146896530445,118.257,145.335,84.963
88.23749770274054,105.512,98.629,84.919
76.92044398325939,91.188,82.388,80.995
108.43461421440901,41.911,73.827,92.775
82.83785362195346,-7.009,59.526,78.156
103.31761958494872,46.353,84.494,102.758
78.36443956634919,67.147,13.134,86.113
112.53007317380396,32.739,36.859,52.067
77.9216592615888,144.643,146.365,-12.271
78.68534873700197,53.608,61.616,80.632
91.02282109493902,112.045,111.562,74.282
107.92872052693028,71.214,15.636,43.942
94.33204736371066,94.171,54.651,94.536
90.90626564349553,103.436,63.259,45.654
83.05722587949337,53.658,117.286,61.634
92.44838308694511,84.834,130.904,57.589
112.6573554058557,83.287,69.543,74.999
75.19989787184682,152.8,122.668,45.88
76.49161612271398,0.761,62.601,100.797
74.21522830575752,-7.54,51.409,61.081
102.57401323847941,22.896,63.274,101.216
86.80334997079254,84.761,92.323,101.883
54.35792892413485,64.185,35.274,39.622
92.33337326971593,111.043,156.492,82.213
104.50431778881159,33.688,65.859,18.135
91.33579304820513,71.53,79.935,143.777
89.54701839149149,95.837,62.649,13.643
102.82915092336019,83.607,145.378,40.592
90.41105786404107,85.053,83.99,-16.291
84.66785465779813,169.821,94.789,44.48
92.36867241815872,91.025,91.988,-6.177
82.39976499742963,8.635,88.462,80.12
89.40718359235855,27.434,106.873,110.593
79.92043257832894,95.797,126.646,90.218
67.29836567294325,164.198,78.304,48.113
93.02832531873574,91.544,39.92,59.063
65.32662132815922,40.014,71.531,128.718
84.14524042075199,50.212,75.263,132.201
86.11140436872431,112.98,79.764,95.238
83.85328997713584,135.254,96.502,117.918
90.78954866282382,91.647,89.702,6.603
109.69076665131786,83.885,104.101,67.117
95.39680443091648,5.234,30.12,60.844
86.94238380858319,115.45,63.143,38.112
72.77260280368964,104.152,66.274,68.899
90.67370380638404,173.043,96.033,126.994
84.644938078713,55.703,74.921,-13.893
70.49339367073675,79.265,72.116,88.516
84.66982897362853,11.196,105.075,61.167
103.38775045472528,47.475,117.037,43.494
100.24969644904063,40.731,71.581,33.347
90.73605114963493,55.44,134.474,89.059
83.5589887081749,39.009,73.781,79.063
77.01422527370958,160.529,90.61,50.372
106.66421662323881,-2.931,63.717,79.724
87.42247671135868,112.738,132.38,75.428
93.52608158430361,83.2,54.346,107.351
86.37844151911878,4.95,55.724,115.616
103.21165567527828,31.53,4.889,88.564
62.73602827737201,154.142,99.828,138.375
91.90626365561664,98.405,63.061,135.812
79.58375539851025,110.615,55.221,58.515
79.12985949150494,111.474,5.723,116.61
93.74754546901397,14.232,124.119,126.404
96.57017325057126,34.198,90.431,-15.192
101.33545721539178,61.711,119.792,89.974
93.45452658358437,71.876,83.602,34.938
96.12914234509303,100.785,33.249,90.64
88.1510014809941,111.473,88.257,90.353
105.16471312233824,167.047,38.421,96.394
95.16076792523077,122.678,56.839,102.776
88.72986870084218,96.446,32.865,103.809
84.80715371102157,73.151,80.814,70.225
77.08698125631592,99.712,100.243,19.906
79.04508525771136,134.919,134.088,21.082
77.68453178997213,117.292,35.693,54.189
114.84609505936882,114.942,97.581,114.157
95.3906211791781,-12.054,77.985,70.72
90.83883703862485,116.715,68.863,16.291
75.68874784548261,114.568,64.865,23.952
74.49361343389229,-6.278,91.98,44.532
69.05413566967832,179.153,96.834,103.389
90.25308407872505,85.765,75.313,63.718
94.70684815903104,153.613,73.0,147.202
52.45748136286862,138.989,73.693,136.341
85.29375832230669,84.008,24.982,70.395
84.15288141243987,102.952,61.198,71.633
100.34459111993249,37.935,37.804,40.102
83.18533227897603,42.023,36.483,94.893
91.44284871911412,134.143,80.56,101.322
89.33233086947328,72.532,82.072,118.557
103.853657878995,7.226,63.882,92.582
84.99896548241624,102.572,66.428,86.852
100.03985005322949,43.708,117.435,108.666
71.5650887082156,139.787,130.769,-22.065
92.07065690346663,18.793,27.944,65.847
99.65068859254075,40.946,45.877,51.025
86.4885218079419,31.598,39.744,88.916
94.610875933757,18.384,106.957,24.27
85.14729337027349,99.51,119.146,43.049
89.36361401845319,127.851,134.818,143.486
75.26894957713039,128.386,68.659,31.003
90.8939216417167,73.889,9.246,79.264
102.93298476304545,85.281,84.166,84.364
99.1806443964453,156.308,22.704,-26.894
87.36793341197567,49.078,136.347,128.874
91.85794902187585,124.483,86.253,55.184
87.57724421680427,62.499,75.626,81.451
125.96233754411159,110.029,79.024,85.979
66.01052535252428,25.746,136.64,78.165
93.02873267599823,135.227,143.953,128.044
101.17593126730333,68.282,142.023,96.653
95.26190345075605,69.579,58.135,86.637
94.43985621392316,131.39,117.504,159.632
89.77499318212976,176.999,62.781,88.081
80.76753434252929,25.752,91.669,11.031
87.10585896750234,86.07,81.507,36.109
80.14223976161568,117.003,58.399,36.198
98.34647561717844,125.043,36.078,87.522
49.99943792228506,157.485,79.321,7.46
93.85973963502936,41.676,36.385,100.736
84.13217815563029,81.509,149.992,107.602
86.8121494271581,159.473,38.395,-27.671
84.69664204438517,70.698,91.014,116.626
101.98007436615153,133.828,72.183,141.401
91.93999881438607,111.055,53.115,-12.871
95.56769877813892,89.168,53.745,157.359
76.87794705751853,91.145,94.863,115.737
87.25112343326069,122.515,25.339,129.509
83.84415396108233,93.147,96.185,128.018
104.52487610790985,-9.503,73.423,-1.968
90.27043296467608,13.588,124.562,52.267
87.03819296786722,95.236,124.576,42.021
92.46831819802813,100.921,92.953,4.571
91.35556233609977,28.703,158.594,59.616
81.2374965567109,99.948,73.71,61.327
94.11872958745161,40.611,29.812,22.472
87.86274137121842,149.263,82.043,103.127
101.52938134430727,110.542,89.909,151.78
95.03994074823623,50.037,65.84,74.21
73.66913998291683,-7.999,72.736,-19.654
91.97991530285896,33.66,100.817,96.249
78.8782848378815,100.46,27.716,77.636
56.79845634344423,143.942,60.235,-20.243
97.92930124954118,152.294,70.344,64.522
86.13677120090462,92.933,91.295,146.846
91.21122916751978,86.055,97.813,108.427
94.12535989925678,-19.564,66.273,153.535
93.80957991302125,61.107,103.832,36.098
84.71514216573769,3.755,70.906,76.225
86.40294443702855,38.649,30.655,42.467
94.6481818071202,83.245,101.376,20.692
82.03998601192859,12.42,101.039,49.884
93.32701697859636,61.858,78.347,81.013
101.03653713073847,119.782,17.168,121.465
87.92383306658812,146.342,37.116,20.431
89.43448583575653,17.158,79.061,139.356
101.55142793071428,66.518,91.18,48.215
77.4120394376169,159.461,127.63,43.181
83.15124927311899,148.312,145.596,140.045
84.25839970844413,75.051,36.427,25.678
115.0975589712385,149.961,98.01,50.765
86.46356174455633,-8.521,17.174,-5.443
99.30073725824367,89.718,34.004,40.647
81.15308914088237,11.89,119.626,71.262
73.68962056905497,32.64,27.95,104.869
108.76565788206153,65.093,80.601,79.297
91.04617921789284,45.769,105.617,46.867
77.49705853968774,61.044,94.803,-15.715
84.58053780705069,-4.894,41.139,29.087
89.15307433210805,78.351,134.63,116.865
89.94571507682579,115.911,42.562,-7.365
69.85227251267202,88.66,100.938,127.923
84.86206127758777,167.202,59.539,100.157
83.51657833980296,52.286,89.231,107.324
78.06890410953237,4.849,119.602,1.142
95.33052116242014,-0.017,86.682,120.33
109.14551907630417,51.422,88.806,88.255
90.2329475996525,40.859,106.565,-13.365
77.64058688329573,133.968,86.864,74.707
99.19455200060312,12.415,42.721,74.541
93.59704330497041,90.633,117.615,84.273
68.1489197723833,128.806,84.744,41.346
86.55039173907467,32.341,88.939,95.74
104.69127468336396,73.569,87.315,122.929
89.26959774637687,155.776,75.282,35.576
109.52650760988718,4.745,88.003,2.638
88.61154066202641,149.031,87.885,84.0
92.13677894442093,-9.125,30.965,75.875
99.06467539321346,91.861,62.005,81.566
87.94051977228588,101.567,66.16,95.449
90.91871020265667,145.378,113.837,134.368
91.5451268757837,23.516,35.348,112.687
90.30979055870966,129.115,83.472,-7.22
74.32285534700193,125.913,130.179,65.435
67.06080855929284,79.763,132.727,110.088
70.186,131.817,136.44,106.101
90.020565150808,13.678,65.952,99.656
95.23048681909383,91.443,4.302,25.7
83.2786181797209,104.125,115.503,87.023
73.03372825613145,28.405,108.93,64.22
98.80786179485261,82.629,39.743,-8.223
92.47907271236161,97.656,27.301,54.775
86.71431045119613,67.776,112.28,83.953
90.60442442984024,87.367,61.486,125.501
81.06257699750435,147.094,42.372,117.931
85.07770776298051,79.326,142.396,87.996
76.91160082983555,148.46,124.522,2.605
91.8822716017266,75.491,52.1,5.648
93.83571319997253,77.865,0.026,67.717
100.11752356128136,105.842,30.766,66.919
32.11650931043535,135.186,113.615,75.26
101.45654426658432,75.463,80.193,120.438
87.66459631252917,144.174,66.359,73.704
93.80493060306979,104.949,48.265,83.077
70.37824438672276,21.181,69.028,168.226
91.48028364291133,107.488,4.332,15.948
83.68397786735336,106.404,142.301,48.633
99.77599620837053,3.487,103.832,81.667
65.73937186666417,70.604,125.827,53.08
99.61852780504262,72.908,19.923,45.336
82.2991069324373,156.622,58.525,98.98
81.81217701227865,43.65,35.724,10.319
86.4875854371541,136.215,86.956,-19.941
90.60742514336926,55.18,82.811,62.656
97.2782853370576,127.774,76.071,30.21
98.95986197442367,98.37,106.161,80.63
90.02036199759078,138.263,46.002,104.48
94.74729421835953,62.724,112.336,34.507
81.56786241082966,89.631,81.936,76.986
109.41521278089937,75.736,103.336,166.35
93.64045068452559,16.543,89.017,41.014
99.11956733919081,66.986,98.236,116.098
99.11955796065331,141.012,59.785,134.691
78.52456337011404,24.109,84.285,123.98
86.68382981469733,158.629,137.971,81.156
66.90455613525047,50.672,120.988,46.665
94.74295263089738,74.955,70.391,116.512
95.66846500937024,106.871,44.313,58.885
109.47108891440028,32.481,122.175,46.094
88.0641482249898,169.125,51.134,43.864
87.20768280345138,125.867,11.387,28.511
87.22702645998295,121.219,79.04,135.307
67.73742587050442,92.539,63.359,83.939
81.15116031257425,76.432,62.846,19.949
89.64316573396223,126.755,98.499,118.227
89.06312081230905,135.394,45.88,82.753
68.90130636472911,93.269,36.31,117.9
86.92891690366302,70.337,86.694,89.113
79.71545346804693,40.973,66.669,113.074
99.1792893612029,89.145,54.24,72.892
103.71466417477785,42.707,108.212,71.134
79.39718591389709,124.617,69.676,69.843
76.44294248999684,39.579,26.954,32.584
93.86679754983211,57.453,59.64,41.432
81.62322904755175,122.286,84.199,71.968
84.20162370486976,90.907,47.821,129.862
97.4798971955281,-35.023,103.969,2.835
89.18846507141456,83.392,143.309,129.902
86.46128628145672,46.633,24.349,100.754
91.36291977946773,180.411,100.383,89.575
104.9142294879413,132.166,17.673,93.458
95.17069828821164,62.791,16.567,95.719
84.382,88.099,80.993,44.956
67.97745069373511,33.016,55.547,159.384
84.01156707101421,43.869,32.663,110.948
80.63109144843452,158.536,56.766,23.041
87.80350970645797,33.537,71.126,103.07
75.1170169363587,140.205,159.985,79.811
93.25668942039053,150.237,99.524,108.774
70.41311167596434,96.339,73.358,161.178
82.31490134200696,115.676,91.588,25.266
100.12651967414955,49.8,70.856,123.246
107.06120043928051,44.111,69.072,29.149
94.2236965866627,72.775,111.304,136.144
79.32124821309145,152.357,129.321,111.623
91.86014743238262,122.817,36.656,40.525
89.20078863381782,27.045,143.061,31.066
95.94366626140273,97.617,118.327,126.135
84.11620753177921,58.506,108.805,30.856
81.66505199355278,48.658,55.949,115.521
75.93285231242754,98.805,52.785,94.474
89.65138071031448,75.898,77.405,81.233
69.27862372558872,13.806,12.96,83.623
75.90591367801514,44.754,73.513,89.427
95.58784720919616,39.298,75.351,56.243
94.10449095548259,85.784,146.987,91.904
93.54269795104923,69.598,68.02,85.037
87.83150640132213,110.852,155.629,74.021
90.78714212159687,98.757,86.862,56.858
92.98209279018897,154.885,64.115,71.972
78.37351026510744,72.755,28.039,59.514
90.70276962919154,77.633,66.736,132.102
86.36374672676746,57.85,137.479,37.774
77.70373920339848,119.653,72.02,135.145
101.07394449544799,54.33,-0.198,99.277
95.33695722412631,47.197,73.821,26.011
95.0649883617975,82.843,73.466,61.205
164.4509031183481,63.434,65.75,99.461
93.05452146088982,136.651,37.015,76.15
93.94971501146526,87.459,64.128,109.34
74.98920552880574,103.97,91.438,57.875
79.21537534657642,153.297,89.322,137.321
90.09685479938742,100.172,85.097,99.576
117.6477933537953,80.756,29.977,82.345
105.60863611960252,-13.029,71.805,98.351
89.41585943576148,109.046,21.438,130.638
90.46827051513705,106.636,59.416,49.018
111.37440984995891,126.986,97.478,24.552
95.35284014340117,64.079,54.613,65.027
94.23991109408897,59.459,45.76,89.647
76.09868522843965,36.301,75.218,27.174
68.42722243888613,78.552,59.261,111.478
105.5718293335004,109.503,16.189,104.106
90.68311709910091,39.375,76.181,152.999
75.94007772948376,40.997,59.553,143.793
85.82810774020845,74.709,96.834,61.296
113.60215050448768,32.543,20.241,36.677
86.8068088780232,1.874,83.6,83.27
87.2620772888659,-14.294,90.561,140.977
96.96243146607861,34.067,62.464,125.213
95.13139914156804,-33.009,55.217,168.634
81.39706798211498,43.103,83.119,9.876
81.97932412140176,89.279,39.235,149.548
83.30532742534514,126.844,13.994,43.697
86.03756145074298,-17.0,71.055,75.35
142.68700467777796,-14.039,76.421,63.178
88.64745018043344,117.695,18.585,90.101
93.79174802962014,6.771,74.665,76.667
89.41004343763905,114.21,47.507,47.422
90.09853911920312,79.503,82.248,38.603
90.9699133131684,4.776,64.631,60.754
96.76379152936593,61.392,96.339,99.871
52.57409057051227,74.27,18.888,114.907
85.61728349076118,52.671,69.482,58.623
59.59177262867307,40.48,90.555,62.523
83.95598125599763,35.859,78.841,144.981
82.29548645830882,171.751,75.487,9.847
93.8579867354222,93.227,59.342,53.617
79.39287936272027,79.214,83.017,99.719
92.02140133834584,93.515,6.422,79.439
78.80945533696949,8.456,54.456,87.305
90.13096851678812,120.69,46.515,126.984
118.69239601439932,64.5,106.568,99.206
106.92058285496299,107.038,132.307,71.06
111.39883094965326,80.97,66.742,72.561
97.6940611555208,170.398,126.766,98.571
83.63914447383314,106.737,111.059,54.837
87.56504234084677,158.391,49.791,73.092
89.12647500769515,118.171,67.032,-0.723
93.52321393153964,73.182,55.192,107.496
78.78805314113536,151.943,95.588,64.397
97.95250124928774,39.643,39.466,130.11
74.43151049261613,68.708,122.996,40.644
82.91815608083762,176.329,23.991,69.612
99.25920467884538,110.036,79.854,93.56
49.435216586507785,38.933,30.46,14.213
86.67745996015036,115.233,95.105,55.875
90.01199770269996,137.359,26.075,121.494
84.16625923054373,63.504,11.43,11.99
87.40648937738732,74.867,76.957,0.59
112.69172202611531,127.721,45.788,100.419
107.05728148164548,74.777,109.694,-13.996
129.33512926097552,92.817,29.805,28.273
103.48478449540634,103.009,88.559,85.137
98.94611543035745,19.577,107.298,66.393
91.17519044225342,62.388,32.943,85.805
94.78563429213213,95.319,72.514,32.039
70.60550488536218,51.027,144.518,27.693
92.93335943451481,70.77,54.924,107.887
68.22725348673778,74.902,122.671,27.48
79.9066970210847,98.904,32.429,85.118
93.15277261025246,37.675,151.335,126.024
90.66412496025447,148.249,143.367,135.702
98.1209908266424,0.766,26.09,142.578
88.6701639799946,101.921,76.184,62.345
94.88234181432935,28.71,101.617,-13.771
74.98434980055698,12.684,69.233,134.171
96.62534490861104,24.014,141.857,19.035
157.54092502474765,106.694,157.824,103.882
84.77957150911223,83.267,68.432,136.927
93.19471278798123,66.676,87.45,65.784
100.00082944399719,52.932,96.836,52.719
73.80501139121681,101.229,77.367,48.267
90.50038919654997,69.139,70.279,22.074
99.96655933971292,99.29,77.008,114.859
89.47424452651055,22.276,30.825,46.542
110.76602513287658,82.694,45.447,156.46
83.39644851799133,32.912,89.596,39.071
85.56696211280095,110.49,69.793,44.479
71.9735957193111,-10.99,55.033,95.887
128.48722143198552,41.843,58.822,85.567
108.05651566628862,59.966,148.058,85.865
98.89379629873072,137.003,101.395,32.808
81.98412116760201,75.714,37.129,48.241
90.19778230299886,130.63,103.16,-6.317
75.8625454380092,132.785,48.741,-5.332
99.81400713982757,87.211,49.35,41.013
95.8566938104902,87.91,100.491,31.631
96.0618508901473,94.492,28.641,13.272
121.48655416279476,45.308,120.342,66.301
106.91078353102316,136.3,78.888,159.216
86.50576435594485,9.283,92.61,67.159
92.68740403327101,186.473,136.534,140.457
82.81331320937203,109.805,75.655,127.244
89.5490274809124,132.788,72.674,119.275
80.64361140513294,67.658,140.937,30.437
97.77204246981543,62.557,9.021,109.933
77.7574687669529,10.105,99.385,84.082
90.48034572689488,113.049,65.519,115.428
93.58312342578208,38.23,58.073,92.841
80.9602456256641,26.669,99.294,78.462
88.04024412560277,52.241,150.93,107.979
97.62839506337005,84.567,58.279,106.476
86.20026227562045,83.599,146.22,59.389
99.98640159331991,174.389,94.187,65.167
120.99012648321238,-9.922,92.103,10.148
69.6503923870062,25.212,53.236,57.167
94.52408851211837,-3.894,89.986,-4.456
78.62811812195264,57.895,69.071,46.482
90.97335572531303,48.163,126.018,81.64
101.21571738038253,68.209,64.063,138.063
89.45632150561426,135.255,38.673,110.92
70.13081760095551,24.569,142.603,90.154
85.58352348163274,25.679,77.347,81.126
90.16847576474638,113.265,14.724,73.552
85.45949475154669,126.134,88.505,89.929
107.40339193216397,15.415,27.844,56.676
89.86097320858423,52.096,97.241,103.238
105.79296603504187,63.173,114.717,90.542
100.03485906072689,129.303,73.486,133.587
85.06056683432213,133.866,99.252,87.378
86.21999913000802,81.715,50.518,37.441
70.47616973339578,88.818,143.626,18.667
108.17630088286613,75.082,106.176,48.731
97.088548193778,113.681,24.285,71.862
76.63150715720863,147.238,83.493,42.076
84.16284217534238,151.13,84.544,50.965
65.06183980205589,174.565,79.564,135.384
108.712450106972,98.08,49.957,68.739
101.40236677668793,113.094,12.062,61.897
87.81902154254958,132.179,109.02,128.103
75.63611511247093,47.952,61.297,55.737
104.46044791923123,53.447,146.845,97.164
90.01781257508429,145.039,65.779,111.618
93.06547715568044,42.339,160.865,36.002
87.78442927721836,84.033,25.468,119.214
93.33128542840676,86.549,114.633,85.289
82.59605090408016,110.233,50.487,81.355
86.99960092625638,99.998,38.798,40.396
88.96484305401533,113.289,80.589,43.315
98.33471567292861,156.818,69.967,49.109
116.39125934904716,8.771,148.377,76.351
92.02636062945892,48.429,27.772,-9.465
79.82252756244932,114.112,2.438,23.228
84.9232643787565,130.36,87.306,25.946
89.0252943289004,111.812,27.08,103.635
112.69335799691227,89.743,39.281,54.431
96.48314019770142,53.85,42.431,125.528
108.58885507596958,63.547,85.332,141.038
99.53240028317781,-2.04,69.357,93.977
87.51622667642802,99.119,103.641,126.133
91.7135696987478,80.152,73.262,109.253
111.09829560750876,169.003,79.626,97.121
90.1663304308981,110.045,75.558,79.618
76.9311213587507,121.415,61.009,51.455
91.99185165844003,108.599,33.853,101.855
79.21074001194197,131.23,65.422,91.226
106.21882923904954,94.963,58.989,136.307
64.41153576992943,106.695,77.906,101.503
108.17756220820525,167.184,107.518,156.337
64.26628742733612,115.986,95.454,35.343
96.13545111446054,67.891,31.324,131.977
86.58977444835814,153.308,105.067,114.478
94.9936164215357,129.476,31.876,132.977
115.2820226403206,77.652,20.054,88.939
93.92416714537363,93.274,42.711,32.506
87.55311545311334,101.055,89.658,3.388
90.6197803609809,164.528,127.668,68.239
93.96867786866851,100.041,28.538,54.853
100.2099422451635,127.941,89.394,46.219
76.6390711443458,93.524,117.44,0.011
100.25002828949192,78.747,38.895,121.554
109.65258590171543,137.836,73.145,68.093
92.12167202830301,82.171,21.401,26.32
93.24854562493233,118.491,101.366,128.999
98.82793125853907,103.608,106.6,57.457
98.71229606034015,106.57,50.05,31.04
97.30824212683612,135.719,83.629,105.916
91.51306017191898,87.939,70.092,7.197
85.29425062901504,147.97,43.008,116.578
91.48970706296687,46.871,86.083,61.33
77.83766718450246,21.58,20.957,116.684
86.85382295156812,75.271,80.369,33.073
87.75867695772092,100.808,143.274,114.553
87.26837944008184,33.718,80.159,24.409
98.13747993598551,145.115,95.424,88.07
76.42457982438405,140.004,90.801,125.247
88.34444454726685,26.823,131.827,61.573
80.55373958838855,65.165,55.289,96.066
92.1463337241039,34.097,97.054,61.242
97.10809164586796,24.709,47.569,9.223
97.0559584793009,16.597,14.953,70.556
100.6328229999282,82.726,70.558,10.848
89.74030093044269,164.583,110.48,8.438
69.53239709076709,171.875,75.354,-5.012
90.37215530536619,37.824,152.496,8.543
89.58164044579708,44.069,93.524,52.089
94.88337540587548,124.634,109.29,105.667
130.42778454101875,-8.866,23.99,103.326
85.60781528315026,173.197,74.977,6.197
89.17447446834123,14.876,78.083,89.171
88.70043086005975,63.812,96.956,-6.331
90.97279185110439,71.356,26.978,138.989
86.74741934289288,36.652,7.251,15.23
59.742243254810184,-8.311,117.827,55.563
89.44287098895602,2.248,127.794,155.562
95.23489748532073,122.3,29.437,97.425
84.98700298243237,81.544,55.582,95.625
79.72058307655077,64.288,47.715,143.384
105.5302327401786,56.473,100.539,38.652
112.62936053617614,76.769,132.983,101.8
93.49593167820977,170.562,31.593,126.267
99.73184313237631,54.505,84.526,74.078
116.32781216709701,62.12,87.688,132.785
87.43438300549339,82.772,13.836,-24.297
89.80745002253923,103.033,79.187,102.729
92.86694071221785,93.326,101.294,84.952
70.41706773357731,122.883,58.377,66.734
86.46118352541194,96.89,40.335,7.879
84.98761810849193,164.993,72.474,56.563
117.49625362919954,125.65,59.803,111.78
97.52162859046886,132.466,134.379,84.241
81.21641486013029,48.383,71.132,57.458
111.84036831773403,38.356,51.378,79.293
68.48816238083593,48.106,126.513,100.468
92.21951800731972,86.599,58.879,132.03
120.99966589084059,-13.71,26.293,6.372
104.11293585515891,122.198,118.328,153.107
100.92904292232676,15.382,46.788,52.481
104.66712758873001,74.642,125.331,54.383
99.33926734465186,79.214,94.061,21.901
95.58141177994938,33.459,38.032,42.054
89.40808247222766,44.977,47.605,90.481
81.5951636958334,-37.08,111.019,118.486
90.82763950770264,89.497,55.579,47.569
92.53456897930151,148.15,68.203,87.374
78.81510259737956,47.154,110.87,142.636
62.945988456758236,89.721,151.596,87.907
67.0838254731528,173.957,75.867,118.025
94.16270593196217,44.784,85.436,107.192
93.99193015320928,-24.85,57.344,63.4
87.21493863473506,23.48,60.788,103.785
84.21605750507292,50.357,16.981,93.979
103.87813315327027,96.894,40.944,48.827
113.98870976538117,145.817,102.25,80.476
83.40003191654245,8.999,30.773,89.975
65.69478666239989,76.569,135.587,32.863
92.93354685581131,44.156,120.903,-6.87
80.51637314178011,89.203,33.731,165.122
84.28974187770805,112.106,101.209,36.648
103.72522230895161,65.899,138.617,90.069
88.88040173675243,25.019,124.601,90.834
100.73643924972764,67.283,144.946,88.614
112.91480931130437,100.495,115.251,99.972
94.06976300474597,85.512,45.29,45.612
108.412785244493,59.682,83.003,100.083
91.471970989793,-5.593,58.539,77.905
101.93390009731425,74.526,70.734,29.172
87.76092716846021,83.112,51.091,8.24
84.69328436017314,88.629,135.889,70.69
89.71080402974432,35.897,89.76,49.981
64.95233477053503,90.149,139.913,60.256
87.92867157997186,-1.412,92.748,66.863
89.96226565344807,97.627,57.263,113.172
100.42015601928202,145.947,44.393,105.595
100.51503535219744,58.263,85.031,94.821
85.18113876768395,-38.845,101.079,68.405
80.86906245230183,22.177,60.156,95.41
88.16699593524336,81.361,45.842,9.925
85.80685799518162,91.432,15.703,99.518
115.56970424824044,40.642,60.107,52.496
95.54806670920061,86.501,58.694,9.793
78.00267416587694,114.551,97.883,24.895
104.14768160727417,129.469,26.409,-21.325
94.1153096593792,83.168,71.798,-9.083
87.32724014340259,58.822,75.115,34.271
99.34771991922906,16.746,119.672,79.108
88.66919851774308,46.835,32.557,55.951
84.40275372580042,-25.339,81.959,147.599
106.58553748460719,47.954,69.361,57.849
83.90695537022708,48.141,1.228,41.929
77.50839744041141,180.194,78.678,101.37
60.719618637322895,114.013,138.998,155.875
95.28784510320966,119.165,92.363,118.691
79.19458749520369,42.797,28.702,97.717
87.70916076455254,49.291,70.105,74.677
80.8358359502333,80.128,40.675,46.302
80.25574464561953,155.535,86.964,48.322
96.59873543665886,119.354,44.728,33.502
73.56859990766944,95.582,84.285,83.939
98.16953130964042,123.669,36.729,46.186
63.678276646573714,185.854,78.206,24.677
81.68616567976706,80.251,72.055,81.248
86.23555636125083,-3.344,124.694,74.001
93.9108136012528,75.418,31.594,41.314
87.82649778601781,70.703,48.868,60.159
90.12665062333683,85.787,57.836,98.129
90.17817505444617,58.021,41.598,23.007
82.47367846835498,49.374,146.248,82.952
94.13802297812254,74.306,117.368,64.194
98.35281767380322,14.072,112.875,77.66
96.37608072488311,69.959,78.01,112.399
92.57879653989444,55.892,4.783,64.034
85.03571438523281,84.757,114.876,93.261
87.7754713189598,14.915,20.23,157.517
89.85730257881946,177.503,109.925,96.33
102.44532182183298,98.913,65.416,-13.307
109.80768558316086,86.402,103.466,139.477
85.30433006623558,44.166,129.296,92.92
101.19580084147988,92.308,82.226,122.97
91.41056131018388,105.554,92.252,88.046
81.2211344488511,108.21,83.446,-25.856
85.3834862534636,8.392,65.487,131.729
88.34907763216052,50.407,105.779,87.903
87.6056315131239,70.272,87.551,129.954
86.15152187602024,154.508,81.165,95.618
102.5016011935426,33.533,70.315,59.919
92.64906733899616,-1.469,113.432,84.219
101.39448997509938,29.591,1.618,59.365
106.9687861039902,110.036,82.736,80.08
86.61186496606278,65.682,115.62,81.241
83.82754984098027,97.787,129.253,94.525
114.80256413888253,118.685,66.339,100.503
56.0482993858578,71.053,112.022,8.907
97.17373991800207,83.19,157.649,127.115
85.75517467106656,-15.561,125.288,38.302
99.42312424105582,8.916,94.508,39.717
96.96007045137905,86.292,150.749,77.968
63.24034657764205,144.651,75.477,124.484
139.65506575672364,-5.276,77.302,122.976
88.71875084068193,66.02,11.767,74.88
69.88949603189636,47.672,0.423,-5.277
95.58136782186729,151.302,29.852,71.453
85.71655364790375,129.576,62.24,-6.439
75.61904039503275,117.717,141.093,115.579
101.33135512968644,8.444,41.855,75.015
69.19924897424445,0.115,47.364,89.336
61.00723981814323,9.296,77.984,67.49
73.18770817558563,111.371,13.62,148.923
100.94209228561701,117.933,48.3,94.076
78.18599762607401,103.736,51.492,77.167
100.0047613769026,38.285,28.804,119.468
108.97950064757181,42.783,36.508,138.019
74.51994287242296,64.217,58.852,62.797
54.09483639374025,95.494,133.748,104.125
95.63515074091731,-5.166,27.273,113.994
79.21848547256917,100.457,96.377,49.3
105.0532896174825,26.769,145.569,15.761
74.10614288106912,64.578,47.443,129.628
92.55633219213769,57.01,73.365,-3.803
84.54130925714274,90.922,55.862,71.045
90.28655030771338,99.243,107.635,26.415
106.48412631852824,9.995,106.468,117.749
82.74390443762562,57.161,72.234,108.721
99.47638965076797,88.141,69.697,136.642
86.19976320565769,112.879,144.652,44.873
93.95993550873372,131.038,36.998,91.243
106.61168783855662,82.415,73.565,82.357
87.48223597711647,60.78,131.386,31.562
110.23698070009397,98.43,92.411,52.009
80.81419017918795,96.616,75.409,73.99
103.61490722236803,25.822,63.964,84.516
90.17203293569823,67.589,5.392,146.593
90.70991059976359,50.869,83.16,117.882
79.10235158379814,28.628,53.56,99.516
108.45747953545467,115.956,19.008,-4.442
82.4296786016711,110.05,107.541,65.139
80.61055618760484,117.89,48.884,41.332
90.48466580063013,129.908,88.903,133.589
75.56930649611138,15.99,57.745,-4.803
83.77226967910309,8.412,102.423,77.431
76.03753372318333,133.642,120.567,95.542
80.04919811179553,69.863,137.451,42.971
93.81995891331185,51.513,46.729,31.775
74.59094189291741,76.156,128.068,115.806
73.78935155088907,114.822,36.542,18.453
79.65146811575373,16.41,152.751,48.913
112.25706931964115,106.503,65.634,54.433
97.51180742209156,153.735,59.373,115.144
103.15554779261404,48.024,107.482,55.802
79.80292684749087,106.211,63.996,126.483
82.40475242374585,35.914,66.54,124.001
87.23306513189324,35.676,71.367,114.289
143.26564435108887,86.294,63.932,37.945
90.31256789357525,10.338,78.27,103.032
96.30738237421166,17.936,114.203,131.348
85.25705700319037,75.433,63.141,78.067
63.45526853369314,3.119,92.516,18.646
78.7945216315538,39.069,89.433,112.425
91.98153924930595,135.962,26.006,63.681
97.90506528853209,43.62,58.642,34.772
90.05636389532114,80.417,135.316,139.195
97.41078774687259,28.941,37.291,75.18
89.47654596333741,173.502,82.265,114.959
96.90424616995398,12.589,158.807,28.922
87.64333069425115,124.597,143.902,98.637
88.16001319769671,91.243,89.152,91.72
94.72936580742365,97.269,84.693,97.124
95.86985295118097,35.076,24.952,158.938
90.84540485712498,89.004,46.143,117.554
108.91863718241423,94.354,89.212,62.455
49.41882713001362,96.108,153.641,106.387
90.00626994488148,99.853,120.894,128.535
79.26340022775132,-32.871,95.614,78.068
63.93100781928777,79.509,10.881,40.457
96.11046616736019,120.193,112.511,69.47
85.4501280913384,121.2,117.332,145.671
81.14875298318498,36.496,126.082,15.346
87.87473863442999,39.923,63.657,76.124
71.91347682513475,138.018,68.737,-14.304
118.1064035131218,20.101,73.255,63.365
101.67287594742001,88.176,95.434,74.344
90.08645527632136,14.766,63.173,16.986
72.72610837863536,55.449,105.638,143.445
91.35290351718837,34.73,11.31,86.159
85.78295429804886,71.406,64.55,45.475
83.03807377182245,50.823,39.242,78.405
93.41457493335673,22.069,51.181,130.51
81.36414713958396,100.196,63.615,144.852
88.36574215491305,141.433,15.964,7.531
105.9422769504831,79.65,18.664,18.829
84.2564253505505,73.158,75.546,123.556
102.6465985376457,118.777,31.409,98.673
81.00056324015978,44.304,48.752,82.376
90.41378701767314,63.934,153.675,84.955
72.93598677039273,112.239,119.472,12.501
85.90636923360285,77.691,91.259,77.952
91.41600339145363,8.054,65.436,149.802
81.3482381736146,94.861,122.744,64.386
147.55595959794783,155.332,70.046,18.305
90.34721542350275,48.781,93.147,85.299
107.67490465431518,44.316,76.91,48.835
98.34717397551535,-8.819,131.204,127.029
88.41280273234115,125.841,15.142,76.029
83.30991171825887,136.009,59.977,64.945
98.11687018970956,64.397,77.24,68.848
88.60185453133577,122.364,92.76,24.042
82.46553031991272,125.027,94.723,83.758
83.53569710951483,30.618,139.131,149.763
131.9927208461365,-1.815,101.355,125.535
91.04703158299999,96.051,81.919,41.599
92.31978407894802,38.607,69.446,90.64
128.24529799371345,127.402,74.822,-5.884
97.22626748312749,74.339,73.295,102.005
74.07735827631546,106.851,102.299,131.099
96.08661167122915,0.972,80.822,68.617
103.35363414973847,128.676,30.71,44.535
88.48252072274462,58.994,110.322,109.25
82.07343355255682,82.322,22.322,12.873
93.64349119196477,117.873,48.227,65.896
80.51611892170277,80.338,102.038,103.615
118.04669572087931,81.773,62.451,113.803
93.35646395898223,113.631,55.133,119.143
92.21921177689696,27.096,31.916,56.802
78.11323574728118,47.86,73.044,94.662
80.02001647583413,57.452,95.322,59.486
93.99481453372036,106.178,115.637,36.667
71.11168790763624,113.917,40.973,96.649
104.59645704895749,69.123,116.081,74.634
80.91569405919465,-23.058,69.008,-4.922
84.87035961685751,67.8,137.614,47.998
104.77114799181422,29.606,71.454,154.578
81.29886784464973,115.544,70.563,97.663
88.92623760418442,93.47,68.584,148.056
88.00525474966409,93.525,104.747,122.454
100.6385268810178,96.423,106.745,-5.529
96.58810289111906,142.162,16.627,38.646
93.24650317763007,43.259,23.536,108.005
92.1280524020548,54.581,137.061,154.437
90.74900263664676,79.325,71.089,88.599
84.17983080994841,-14.182,108.578,53.843
87.59565084676228,8.986,119.284,73.542
78.70414113363667,59.725,127.455,116.931
89.03529405070255,93.689,90.77,32.804
61.12099037630192,136.301,124.725,35.003
83.76181749075114,-7.466,62.501,111.35
65.16038727748173,66.162,58.875,110.313
86.72866930920834,-12.518,51.816,75.003
83.288489553405,88.223,153.32,55.745
87.86204031526033,96.052,19.839,30.955
92.06403788824917,54.674,-0.667,55.26
73.32273220871754,34.949,70.195,52.77
78.38758116061973,6.628,81.349,47.249
91.20461421269627,31.671,78.881,96.87
85.30726840776235,17.684,86.751,34.481
79.84842197373827,120.734,96.863,37.277
88.56394777598777,77.584,34.896,48.47
82.44276522427246,90.986,84.856,55.937
89.30253171143596,80.701,56.129,24.47
93.64953825235452,59.152,35.134,-2.427
75.80799059698649,-8.74,126.934,110.397
95.01613619024856,51.516,51.578,49.153
96.38514322207156,30.416,113.765,-8.843
101.5189869114003,91.432,11.821,112.374
87.88728092547599,54.904,110.53,110.444
96.20290081648564,160.785,141.795,20.178
102.71682049270026,134.244,116.924,82.506
77.47694144193156,83.461,134.248,109.361
88.62203418678695,156.68,102.677,48.146
87.36141339534967,61.637,147.643,58.46
97.73841444356856,-11.022,61.919,69.276
90.81704304338488,102.498,62.477,93.427
84.02623505184724,92.175,149.132,112.426
74.06125779871704,43.885,84.467,90.255
82.10438505671426,110.401,156.049,57.799
85.91954582438004,33.869,54.26,89.156
104.4229058172341,127.323,69.987,115.382
84.45921935441557,108.857,69.319,79.605
82.77811795627967,-8.751,57.057,112.386
69.68732776722138,149.172,147.251,34.692
89.54174372069197,172.844,82.087,52.411
93.3560619329144,102.893,69.619,88.613
92.5575040257384,40.512,91.356,61.9
81.96123050874174,140.061,133.912,96.176
86.36507125279468,104.236,145.98,14.034
91.34725887385012,33.568,93.011,120.324
85.98879978869057,112.472,126.581,61.888
52.51596888978512,17.946,120.667,91.444
95.14779574126496,98.064,102.646,79.234
103.90361612601106,106.126,105.739,21.889
97.00043198533592,23.907,67.308,126.575
61.12145101183221,55.381,115.257,67.922
94.91062158323844,11.132,54.765,71.051
113.31095623576934,142.009,105.516,23.219
72.48290627295367,138.32,130.02,52.773
91.58350903401656,93.25,66.393,157.13
87.63709304362314,24.725,87.218,104.481
88.44502612957669,39.522,84.259,153.651
87.02846335336707,44.289,98.658,40.858
102.61918940334111,118.925,41.394,111.332
93.12869656292125,158.583,78.829,22.195
80.8032242002006,154.454,61.981,-9.384
89.96454171995121,99.968,135.035,91.937
111.87239524505416,128.173,38.697,110.521
86.5502824700254,69.349,50.609,82.294
79.51674374588178,93.628,49.948,81.911
80.64692531979294,20.245,64.809,115.357
94.49904284491572,97.718,105.491,89.616
88.33224407813651,47.327,133.891,59.6
91.87434279015412,127.609,95.056,95.117
93.80316346065372,27.069,54.851,38.713
89.75675178336726,116.585,56.09,77.67
93.87128516924707,-10.549,4.091,95.036
85.53336605987714,94.704,61.388,2.243
89.75430516405434,85.633,70.99,117.334
88.64650012265518,24.611,65.76,105.518
87.27137892806893,172.449,147.879,90.087
86.62146072456287,145.389,111.32,79.323
115.43522311569387,109.182,39.956,126.928
79.59599978415034,94.826,122.736,68.549
92.39202794802058,9.197,141.69,66.251
88.31392019335154,119.236,151.115,54.385
83.60057998495762,13.087,102.017,78.24
84.69575733794072,166.242,122.81,2.49
109.99731455234034,74.838,77.419,86.771
95.93436421416915,38.324,52.872,113.284
61.413181513405036,84.974,143.173,44.471
77.9660587273838,83.713,89.385,30.976
86.22113825357634,64.775,78.275,-6.087
96.82258083974342,97.362,68.309,74.924
92.14380812423683,62.194,61.53,72.102
118.68287123718633,11.051,115.396,111.666
93.31561355277648,171.293,14.928,11.665
94.04216901908467,97.22,79.768,107.215
82.99823235707876,124.002,69.091,122.879
96.98478512534102,151.787,62.775,124.009
101.64187438042971,148.054,62.811,76.719
103.53099026739285,23.102,136.322,145.579
74.64998469427078,45.252,81.995,123.806
91.45574942588905,175.574,81.177,100.073
94.33118296931802,41.216,11.108,32.719
93.660545561925,98.806,22.903,121.593
91.41642990369003,34.826,71.313,68.292
85.05354261953313,106.722,87.497,111.219
92.28201842606828,97.977,15.778,168.53
87.06590492127148,42.43,51.452,85.059
89.64413289682358,-3.672,83.561,126.744
89.67811560260216,4.304,128.917,107.632
95.55761151285981,-9.033,100.006,9.565
81.73240571235218,20.942,93.493,108.742
84.27713257110909,44.687,79.399,42.473
55.627695092852576,76.245,114.687,107.285
76.23514596698126,55.189,60.587,91.274
95.77862312704946,81.047,92.92,60.931
94.42026751638491,108.273,89.399,113.653
95.56153677819148,94.189,65.595,18.513
78.43139550371136,120.101,132.901,72.763
80.24762838929935,88.106,132.437,116.094
95.54361536073007,116.443,82.065,47.753
98.78028333650437,23.708,91.673,79.291
96.34261187224837,96.937,69.142,158.05
77.4185280807569,107.444,44.829,62.205
85.63823827038229,108.983,54.793,132.813
105.37239452970788,111.014,121.006,123.38
93.6085067836734,131.845,86.955,55.673
36.40782406217995,85.106,123.069,-7.135
95.33625285654807,71.248,72.546,30.756
82.48788489502417,134.818,95.889,6.33
93.82050983454148,22.137,58.391,26.694
102.35631461798886,95.26,90.814,34.058
70.81470771720164,14.728,62.553,68.872
104.61637281179009,100.469,102.231,99.4
69.5875854886948,-36.742,153.249,142.926
86.5290186657133,97.507,98.119,130.217
103.68564915242655,27.407,98.377,-6.09
76.95974748051928,30.747,18.139,121.848
95.25484297218048,138.667,73.274,9.676
87.93766110774735,127.507,85.461,141.074
85.7790190056332,77.109,105.7,88.077
96.57153572324827,38.425,78.674,54.108
84.91156007856625,23.399,117.54,95.11
80.81370216405047,-10.083,124.704,90.039
120.21189652895143,68.46,127.973,51.405
88.18599912633124,56.392,46.019,111.406
88.87612161817779,169.836,77.986,21.182
96.99095871879942,73.616,46.882,45.792
96.26555265271841,37.927,97.468,-0.111
80.92279687914589,129.667,122.824,47.827
112.16623229633565,128.814,121.884,121.556
90.90099198099679,157.974,111.505,118.144
73.13394396986118,35.429,83.29,155.526
87.92975856063356,40.735,74.721,127.248
80.87065592951177,124.092,52.332,66.51
84.6422881876308,-7.288,95.651,99.978
93.45959068215387,159.299,48.009,73.186
109.4380680363469,76.71,22.043,9.835
118.0841711160814,30.476,51.243,115.766
88.07594792141633,99.392,31.933,66.881
73.49445722966365,-28.779,47.973,107.36
88.10098778351005,22.22,93.689,90.237
89.22262771428603,99.962,76.569,61.04
90.28844508453862,144.221,66.736,108.096
82.02007458689057,34.553,8.284,30.198
118.16481231341719,101.888,151.914,58.692
88.19338228041886,77.946,87.517,131.877
91.23179912497902,-15.821,47.024,44.831
90.07872349787958,126.588,66.017,79.745
87.68674237245521,12.157,148.682,29.9
125.12099021261852,74.339,81.106,153.434
91.9674733171508,51.681,34.275,74.137
74.70460806100449,20.706,79.197,106.892
90.74000647753843,118.913,21.352,112.498
89.20677055515802,102.398,59.976,103.643
114.44380456566982,12.411,88.131,72.886
78.00510090697193,87.709,64.5,54.033
77.10551328343476,69.908,117.399,-19.914
76.10890824807223,32.623,65.895,72.531
100.82100697390176,27.799,72.786,34.435
89.82800842900778,53.029,1.009,100.178
110.939713332429,91.817,73.449,51.795
127.33034772082247,116.292,46.116,148.901
89.8502576968218,126.481,66.557,85.414
94.1816368246538,-9.581,147.532,138.228
80.22001511524459,87.244,112.921,158.648
105.10886425614636,109.559,92.455,80.482
99.31488215721524,118.06,91.21,78.16
85.9659515662574,52.659,59.327,84.829
109.55899905551743,74.916,-1.639,152.818
85.45634859056183,79.273,58.135,47.601
96.6978605151767,121.31,78.129,83.672
91.07826001933726,96.334,46.14,24.409
102.74970572368912,81.93,86.9,136.375
88.48008651505965,57.672,18.948,101.289
76.59775921126027,71.343,103.579,32.027
90.83799054813102,112.567,87.317,14.451
62.31465488771126,86.912,44.153,99.428
99.70903793223951,-32.868,60.827,86.26
89.69361972034027,61.892,82.287,114.252
78.6533523307575,43.085,49.181,78.721
73.67354456043464,89.983,77.933,82.677
94.97826180264818,95.112,105.615,39.938
106.3931289573106,-31.487,22.846,19.011
92.66171804265622,-2.817,70.983,51.442
82.44838309421786,135.021,40.727,66.907
88.76916138655845,60.975,86.45,145.265
91.79752694901767,67.95,64.154,116.722
79.08236305575544,58.01,18.522,105.15
95.78531474033726,59.155,80.995,86.648
66.36458038877757,22.972,53.862,114.185
103.93893960704628,77.081,13.369,54.902
85.37026762547045,92.328,33.751,1.169
88.80349459253478,7.187,76.929,141.647
87.90784645571955,114.336,156.022,110.067
91.86648399196308,85.065,31.298,11.054
93.45219491829364,55.198,130.407,23.331
108.20566200325237,64.428,106.779,-15.643
93.95596953059116,34.675,88.912,18.772
95.60463688323848,2.236,16.631,113.163
87.2294326313025,5.848,85.087,112.761
84.57673433707262,48.363,53.646,96.824
85.16457993744709,135.14,99.225,88.264
109.1076929582202,73.405,74.598,37.313
88.96144170380643,35.89,55.374,116.638
92.21862492389015,92.331,51.737,77.026
92.30287517362603,92.845,97.496,44.79
94.7512446642176,-1.751,37.703,12.648
93.34326259052897,46.926,21.639,76.292
95.72876401211909,88.282,117.301,130.127
81.45363897998608,140.191,7.221,79.885
84.80597616710413,24.6,123.257,143.086
95.13072879121341,105.505,49.925,99.586
62.330405350249045,93.399,119.062,112.29
78.12626390168565,86.953,82.773,1.13
90.65386957903648,28.591,67.089,66.463
75.83537895034304,57.163,130.339,151.609
69.92834269491988,-1.358,92.372,94.169
90.01193020380526,41.354,74.196,159.943
93.28563676775036,152.027,22.54,28.494
85.838334161188,57.631,12.475,147.048
99.17418026729379,89.98,47.611,117.401
102.09573602363042,150.048,88.008,23.647
90.56495994322168,119.022,41.955,122.727
95.01611593559689,47.363,76.945,82.744
92.83131805926051,96.854,67.268,60.282
99.67944634849826,86.759,1.931,29.727
92.33196570846746,94.116,87.43,101.304
95.9782356146377,146.27,58.165,35.932
84.99731747193248,110.22,3.241,146.132
90.14232372597651,78.01,50.625,115.067
83.32207456295352,111.136,101.546,88.21
108.98620038476437,50.281,114.749,25.833
87.1625354530995,159.036,-0.545,11.356
86.84808871343867,73.522,115.796,76.475
66.47744978529455,36.355,109.536,79.708
109.59473482916168,-23.418,41.145,42.333
96.72743721080407,100.229,124.276,106.762
83.52381553697603,119.477,62.581,92.677
92.33400629770368,147.543,83.999,73.97
51.33660181185608,161.69,101.475,0.691
85.87952313116931,123.94,90.061,93.178
114.66790581394959,106.296,96.285,47.399
84.51373582716442,83.279,139.531,35.753
90.56944473953348,-16.835,19.301,52.958
104.09494789876709,53.172,81.733,118.642
91.82050467450998,70.471,51.374,17.625
95.99718792362535,6.883,29.102,91.047
82.53234641719187,67.258,11.54,117.805
88.24111063529223,92.941,30.176,33.92
97.13883606231244,71.634,73.243,46.817
85.92286528016194,161.941,87.715,70.609
72.70053077344117,121.068,120.834,151.619
102.75381631506391,118.038,98.542,104.587
87.38522476579283,74.438,78.341,29.216
84.78787542264598,73.54,92.06,30.512
79.75842586781353,114.48,32.396,95.191
99.10811942803512,42.646,63.784,28.65
90.69351938568472,19.383,75.238,36.751
99.61900903443606,38.82,85.854,98.08
99.11413567754514,113.375,19.817,98.679
63.639630092931284,122.542,48.132,8.981
90.29845336337893,70.105,79.083,34.006
93.00445219150677,45.845,31.785,49.01
96.36274732588825,114.649,118.411,82.797
94.74554209112233,58.174,81.301,53.267
101.95480042728032,99.544,47.453,115.711
96.00384237178211,107.737,47.0,143.322
95.58764026403861,92.508,71.574,43.112
107.85033997493777,87.447,50.165,81.095
94.90336181130067,40.914,127.871,97.489
93.63351167253236,154.414,70.981,84.135
84.7574933781734,70.35,112.393,90.081
109.42280322819735,101.272,130.989,79.649
86.81195400690233,96.347,34.428,115.486
82.23358696007091,95.809,109.522,102.0
82.94260962644712,108.107,140.526,61.728
95.97999488517827,-5.754,131.507,129.947
91.61338423624261,20.919,66.476,47.158
92.03108387599801,95.202,99.34,-22.303
91.4916758840676,178.0,33.38,84.657
92.30605593224564,37.85,84.131,32.269
88.43987877736258,50.724,46.997,58.924
88.80099831231554,46.881,75.219,79.111
62.142868651629186,38.605,94.395,90.934
85.5220889240058,40.221,119.909,76.267
90.75686364245043,54.725,54.174,72.511
95.20057030279995,12.954,27.576,101.574
114.51643179872556,3.186,19.25,93.92
80.80868816038827,83.09,118.335,5.055
88.94939564821215,30.447,119.518,125.39
87.02157638126599,183.535,8.862,34.487
47.55023108964362,119.285,58.568,53.141
70.61111809033092,91.862,76.109,99.837
107.30953350791997,48.235,110.382,121.578
65.61024292125119,60.868,102.351,65.352
104.58683862933407,-13.026,64.944,59.82
112.95278861078916,133.025,43.754,91.03
94.32049702697307,149.435,87.41,134.557
75.7001788086068,46.496,61.957,82.288
86.346344526112,-7.431,92.534,170.413
77.11278506244409,154.54,71.696,78.538
87.19739718113547,51.407,98.558,124.496
88.7297283791549,98.726,119.838,86.152
83.56693298281793,-7.218,81.18,89.824
96.34649296173372,-22.501,50.985,116.31
67.99407278921987,65.701,98.627,41.897
109.40334890159852,160.977,132.913,168.863
93.90917798777758,23.623,92.596,34.887
65.2038309112276,94.933,67.164,31.338
94.49525069788334,24.769,64.203,83.368
97.37198441950594,132.949,75.434,46.304
99.76546064166138,-9.535,76.864,61.458
57.82026774175806,169.094,133.531,49.134
93.27620242324622,76.911,55.017,60.851
91.22630406143914,103.409,132.029,34.223
103.45646529563498,64.409,75.654,74.211
91.64372463574728,30.073,59.658,147.484
61.956254490125616,82.7,49.515,81.419
91.31864545649782,137.981,118.716,64.042
96.33829773550525,111.03,152.57,58.508
75.7037051202573,90.007,83.501,47.565
76.42416393584551,38.907,122.136,101.58
77.92011215899164,92.562,15.653,90.965
92.23119947819367,14.751,78.035,69.559
88.20654077307101,60.994,55.386,25.575
97.95182729302176,-28.354,66.216,113.225
91.36512322955774,6.915,53.212,49.422
85.08841529637094,94.679,115.155,80.354
123.65792627487522,11.889,109.251,62.201
86.84984536514531,130.742,128.225,70.07
82.14101828295712,79.787,75.055,151.791
84.92745611132361,4.981,125.898,144.777
92.34853489447222,52.952,94.616,109.076
78.43229135396516,73.455,69.359,-7.348
80.80143957409966,123.88,112.121,74.036
79.66986148373071,131.253,121.066,0.541
86.0983902177261,111.946,23.189,96.685
99.9521424481262,50.637,40.091,33.949
81.76281050877583,-20.321,69.853,51.711
87.15203657595747,91.932,50.013,75.962
110.64653857324167,117.493,76.954,122.947
101.44942546339561,54.599,95.777,17.456
88.71286664175504,78.96,64.932,91.203
78.12716796910833,142.442,35.967,57.405
93.56045148521825,41.716,69.928,-4.795
81.00410186714088,98.344,120.289,124.842
81.25316269153967,17.861,105.035,119.513
93.3710121751036,152.156,2.946,55.944
107.076620945923,34.204,61.963,60.005
93.93051742341646,134.029,26.09,76.757
75.52520684351727,131.352,69.439,67.377
91.3172573885127,108.785,99.91,40.181
96.58821606225418,104.4,80.253,40.142
51.91954281036277,69.504,58.29,102.909
87.47624691907238,22.982,91.333,84.432
84.79052734650406,85.171,65.576,28.713
93.89389212170275,-14.144,75.404,8.437
92.2205295084159,90.895,123.46,33.16
91.52896469511903,20.359,84.756,97.907
65.38668588080819,145.759,67.137,76.569
92.28881741809337,25.03,51.298,66.658
81.09519722998665,14.118,71.915,142.154
81.58864642820531,130.717,134.299,11.308
93.60832324219231,41.035,51.78,37.736
100.82254895912948,23.471,54.461,74.088
89.93592509908109,41.152,127.762,18.421
84.02328520086085,77.229,85.393,91.647
75.26871466920412,67.718,86.342,68.848
107.27934853497283,34.709,75.009,139.092
70.19200425160639,132.472,111.538,81.309
71.90016056013691,22.671,109.897,60.901
84.95337569534829,24.041,28.538,92.727
111.98920439361564,43.2,24.42,50.974
96.0241467927232,96.621,27.687,6.0
79.84300956850642,37.718,138.088,38.191
59.93340614727555,65.171,35.608,51.092
94.09401650986203,12.527,96.536,131.192
82.11105793470936,80.113,25.137,20.744
91.92004360029927,100.653,89.729,155.782
87.56444540101607,79.42,48.965,103.526
79.88764532845529,68.64,87.163,32.988
83.38716536612574,74.827,87.65,-5.433
85.56555151212383,87.603,48.178,71.052
102.52585947737231,167.073,45.963,72.994
84.00777747174229,133.907,51.607,60.795
118.88842364524743,119.124,67.384,114.048
65.13692236398272,72.83,67.467,48.021
93.4117117767609,135.022,117.842,71.835
126.51355957492335,-10.961,115.06,89.212
116.35655906580024,76.642,95.214,31.34
89.01089566516919,40.564,126.491,58.195
87.0515421652948,9.52,112.021,69.808
86.35476277098174,131.195,87.172,79.461
92.41729831181692,65.738,46.336,136.047
