Response,Explanatory1,Explanatory2,Explanatory3,Explanatory4,Explanatory5,Explanatory6,Explanatory7,Explanatory8,Explanatory9,Explanatory10,Explanatory11,Explanatory12,Explanatory13,Explanatory14
159.54409958356138,-41.397,34.213,-63.337,-145.674,136.147,160.731,-92.224,-98.052,165.82,-165.866,-117.336,79.269,73.269,-81.426
136.23642711870187,-3.433,52.402,-89.107,-65.548,133.053,161.178,-68.057,-113.016,176.047,-162.086,-92.95,76.737,167.898,-106.601
201.13593392650222,-40.874,12.986,-66.685,-171.031,151.591,163.751,-15.054,-101.645,166.521,-170.809,-107.96,83.447,106.543,-97.504
170.0234735428321,-31.739,29.172,-94.049,-87.76,168.83,182.045,-36.607,-203.271,171.331,-253.746,-100.077,77.785,69.632,-79.413
163.449114368293,-16.896,11.513,-47.153,-127.54,140.709,156.44,-9.274,-132.764,146.526,-131.597,-120.856,79.685,84.143,-74.075
200.5239091894276,-7.798,58.018,-82.463,-182.684,165.754,116.206,-104.8,-65.65,166.032,-185.903,-117.795,81.988,72.317,-63.788
152.88831567007128,-16.324,40.57,-56.797,-52.579,228.249,136.754,-46.309,-93.777,178.913,-194.229,-85.462,89.935,76.984,-138.274
172.43238283977567,-32.657,31.586,-26.239,-184.033,275.114,157.686,-59.891,-129.045,164.235,-197.45,-111.237,95.174,65.99,-83.502
144.26799742581397,-53.16,33.861,-92.946,-102.117,151.348,206.822,-67.125,-79.01,191.148,-177.622,-120.029,98.737,85.393,-81.473
159.60580608240699,-19.041,35.725,-67.047,-140.432,219.801,163.279,-126.77,-124.493,164.384,-213.988,-119.422,80.066,92.271,-23.17
166.9752213682545,-23.413,9.1,-55.541,-134.675,133.763,138.374,-40.398,-56.523,189.109,-246.638,-116.82,77.528,84.064,-61.756
162.1075969877492,-1.861,28.786,-65.729,-199.88,120.945,167.477,-14.407,-92.854,170.102,-165.794,-113.14,77.339,134.734,-50.856
157.35336524297628,-50.271,40.79,-58.425,-107.912,163.597,164.407,3.361,-120.484,153.338,-175.103,-120.767,56.038,112.33,-74.931
182.50904760383995,-28.111,37.734,-45.036,-158.645,111.822,152.919,-12.13,-67.019,180.519,-190.096,-117.159,67.22,103.872,-157.744
180.6191916553767,14.086,31.706,-91.287,-110.783,172.853,153.827,-55.368,-111.548,163.878,-147.774,-137.884,66.155,116.718,-129.836
185.54476481484687,-0.413,53.893,-76.559,-101.637,232.965,161.875,-51.362,-72.882,143.048,-127.565,-100.369,75.791,60.768,-152.06
190.50427382545703,-63.665,27.01,-80.449,-55.922,232.923,160.502,-43.446,-145.922,172.695,-150.833,-117.645,85.238,97.164,-74.968
166.80516102016534,-28.659,40.679,-80.792,-116.729,152.424,159.941,-153.57,-107.577,161.647,-166.069,-110.611,84.774,110.125,-40.979
167.46485721358727,-24.706,15.906,-58.657,-112.152,141.606,146.683,65.361,-152.661,175.57,-166.518,-114.463,102.203,106.039,-49.172
178.41090573675675,-43.439,37.907,-75.201,-246.294,177.837,132.747,-43.981,-171.298,161.085,-187.485,-109.617,75.806,91.959,-86.653
187.92214044677078,-48.79,32.758,-98.59,-155.682,110.044,158.103,-71.713,-87.975,154.66,-146.427,-127.613,93.622,94.657,-63.311
168.0086860034638,-22.084,31.83,-55.417,-51.187,143.31,157.732,-55.529,-177.388,170.85,-143.631,-115.138,78.589,143.632,-88.237
179.73522832403572,-24.105,31.07,-97.664,-184.106,170.358,171.433,-37.953,-87.809,194.35,-96.523,-117.893,77.616,79.71,-121.174
166.79277156658466,-19.947,23.071,-88.198,-96.87,125.406,156.666,-17.926,9.197,179.447,-87.003,-116.654,81.986,89.783,-100.68
176.51468420794635,-29.886,26.218,-82.768,12.852,141.027,134.151,19.959,-129.865,164.529,-177.929,-111.553,79.593,176.843,-79.028
182.3345896858899,-26.13,34.784,-63.203,-120.099,172.54,162.103,-44.118,-46.337,172.491,-100.428,-117.614,80.52,88.36,-90.151
175.45370834395797,-27.218,30.359,-10.981,-151.649,174.831,159.009,-106.97,-104.576,161.802,-152.787,-130.532,96.147,106.518,-246.278
172.11511455490827,-57.973,19.574,-130.04,-133.372,159.105,136.732,-24.156,-135.266,180.921,-55.46,-116.165,85.47,140.079,-77.536
203.08300000000006,-26.168,28.603,-38.464,-232.392,116.81,157.945,-75.136,-93.148,129.273,-121.988,-113.924,79.752,157.197,-41.486
156.79843371365828,-38.284,35.441,-11.875,-214.885,163.204,156.831,-7.802,-102.233,167.288,-215.543,-127.144,95.776,75.377,-78.324
174.19825484879902,-52.903,44.95,-48.605,-172.626,148.251,157.807,-77.022,-88.452,162.138,-154.679,-116.085,76.915,89.21,-147.303
169.7566184592159,-32.81,35.06,-76.998,-40.004,221.242,165.381,27.368,-113.61,156.224,-100.584,-106.518,75.579,72.359,-74.33
164.19274485810962,-53.627,22.426,-51.248,-88.646,166.744,155.955,30.669,-123.359,162.793,-159.04,-135.103,74.951,97.659,-202.516
167.33633818113435,-37.246,31.343,-12.855,-37.652,258.172,160.471,-93.38,-69.677,157.664,-151.587,-113.183,71.497,70.697,-204.525
174.69636261617163,-18.635,30.822,-41.471,-110.094,80.824,185.125,-49.869,-102.593,150.564,-132.893,-117.066,69.125,80.303,-121.788
185.33366792995122,-30.353,28.699,-72.065,-137.645,172.557,151.514,-46.778,-133.946,166.095,-153.04,-121.251,89.832,66.394,-41.377
190.22166573059306,-58.076,36.055,-70.256,-124.759,167.117,141.458,185.366,-102.274,164.623,-132.374,-118.364,52.891,88.578,-41.029
156.69881282792562,-27.911,55.17,-58.615,-47.274,154.864,164.626,-57.622,-77.682,161.434,-183.897,-119.577,95.741,132.244,-82.822
162.540221009321,-27.595,24.971,-58.424,-126.687,172.585,142.935,-22.077,-130.57,142.1,-137.139,-99.192,82.053,93.254,-75.181
172.2257639203255,-28.41,59.038,-95.644,-157.303,127.112,201.15,-9.198,-125.753,173.049,-185.841,-133.251,94.05,38.125,-38.104
172.92843846704687,-25.239,20.983,-65.387,-85.665,171.753,170.044,-26.323,-98.458,167.642,-170.624,-118.602,70.451,99.794,-114.49
165.0343157882647,-39.043,27.942,-77.16,-75.717,158.45,163.564,-73.523,-141.307,177.386,-137.845,-114.532,59.667,139.744,-114.809
179.08751811970998,-5.594,55.17,-56.294,-154.683,181.284,167.259,-115.245,-105.077,164.572,-105.808,-118.155,66.044,74.323,-47.158
184.20593682953222,-31.055,95.023,-78.78,-104.301,81.391,158.82,-53.864,-57.226,140.257,-61.541,-120.3,89.911,104.981,-103.48
163.6990163831233,-34.226,37.661,-14.002,-157.686,174.037,149.403,-41.66,-201.016,181.714,-149.498,-121.51,78.819,89.625,-76.446
156.51928964214756,-28.776,51.903,-78.982,-184.954,178.067,143.846,-55.382,-105.869,178.646,-146.181,-108.808,86.315,126.527,-82.716
156.05564305002616,-21.566,25.175,-68.93,-123.977,219.958,183.185,-86.096,-173.416,136.463,-176.708,-100.962,74.438,12.286,-116.788
195.69454537641514,-19.726,28.513,9.1,-114.627,150.88,174.525,-61.085,-60.089,161.58,-191.965,-124.976,76.223,61.788,-27.896
53.836681130662015,-9.081,23.684,-55.0,-150.609,175.519,180.372,-26.426,-106.156,165.361,-103.44,-121.633,82.281,88.994,-70.177
169.3342845805105,-14.415,30.862,-53.951,-123.812,163.45,170.812,-62.838,-131.121,166.099,-158.755,-127.495,113.125,52.662,-102.152
166.7756164599277,-37.829,30.592,-83.884,-166.103,113.878,161.638,-44.094,-176.074,139.092,-110.035,-116.547,79.322,47.968,-95.203
185.14182258637342,-33.91,29.578,-91.733,-139.894,2.621,176.914,-20.619,-103.287,183.874,-226.977,-116.401,86.086,60.095,-188.839
160.2685344371251,-31.618,70.336,-64.765,-125.854,156.985,160.226,49.263,-158.251,172.245,-158.909,-114.611,88.494,130.37,-49.742
140.42735247936895,-59.779,-34.599,-64.467,-103.286,159.567,152.772,-100.513,-226.797,160.659,-188.85,-115.487,42.275,142.511,-141.193
182.59280111802516,-41.61,35.365,-40.346,-91.475,231.251,168.498,-97.248,-157.542,172.548,-136.223,-120.164,103.513,87.217,-76.391
154.68214124375075,-36.518,35.91,-100.19,-115.785,162.325,155.006,-49.597,-96.606,134.447,-182.795,-119.474,87.355,92.155,-115.962
156.01455615467717,-19.777,-24.714,-67.964,-65.898,131.161,155.138,-24.089,-191.773,173.942,-74.327,-120.141,76.861,112.329,-74.659
165.34721900775548,-28.37,28.155,-58.962,-51.812,220.892,160.443,-26.301,-67.204,150.898,-169.292,-118.553,85.759,45.9,-16.208
160.55450843424117,-30.251,39.173,-44.609,-138.834,210.585,153.084,-121.125,-46.253,180.254,-225.39,-119.346,62.033,59.845,-83.443
187.8229819804073,7.508,23.489,-27.918,-78.019,173.361,136.485,81.44,-110.334,183.072,-97.618,-120.472,58.109,29.292,-96.416
162.97625006592898,-21.844,40.546,-22.724,-145.165,230.931,142.328,204.784,-35.687,175.747,-101.945,-120.555,70.967,56.507,-67.295
139.70894435931237,-21.697,60.019,-57.308,-144.18,166.728,161.989,0.99,-88.021,149.204,-157.492,-122.181,81.429,99.05,21.902
160.80243294346016,-34.077,43.883,-78.856,-215.626,267.313,146.78,-36.351,-120.46,155.483,-150.761,-137.659,62.51,92.081,-64.158
160.8080055253052,-19.427,7.464,-71.99,-118.689,122.403,173.722,4.512,-116.108,155.444,-168.843,-121.678,72.488,77.642,-146.172
179.17588306517663,-24.95,37.051,-75.77,-151.966,203.204,161.415,-240.607,-81.75,175.806,-139.816,-114.731,74.162,80.144,-71.076
196.71553216483395,-32.072,32.253,-50.031,-150.593,180.84,152.656,-39.595,-85.258,169.617,-170.178,-111.241,80.937,81.19,-76.496
207.00724958568057,-23.35,67.125,-66.506,-111.612,272.569,159.461,-57.772,-103.504,164.745,-46.871,-132.773,66.88,97.598,-65.492
188.61622650081313,-13.669,19.171,-44.217,-139.576,169.167,155.041,-10.565,-125.85,176.2,-142.007,-124.415,115.807,69.008,-110.005
125.92609103822119,-9.588,45.972,-117.014,-140.307,183.557,151.862,-39.291,-98.282,194.074,-130.127,-125.729,88.041,110.632,-191.833
191.996901110492,-18.08,34.346,-66.77,-102.209,185.528,159.05,14.829,-111.741,177.696,-48.36,-153.338,82.107,71.655,-77.313
168.93214298431724,-52.927,31.226,-77.763,-152.151,165.01,183.287,-231.221,-114.999,176.367,-192.963,-105.689,85.665,43.611,-89.201
177.45545921952038,-54.987,14.193,-71.244,-113.566,166.081,184.193,25.405,-100.297,163.559,-216.594,-116.485,61.18,163.837,-96.53
181.2489489166132,-47.556,20.84,-55.964,-95.917,122.137,153.822,-49.77,-101.094,145.782,-115.881,-109.252,102.237,65.386,-79.181
160.9046189914386,-13.035,31.542,-112.945,-130.024,171.247,158.818,-43.689,-85.722,168.744,-82.538,-118.591,122.366,55.5,-108.028
185.8606175587224,-24.118,35.212,-63.918,-98.645,148.95,166.599,-69.25,-24.862,153.342,-148.772,-121.523,79.798,115.801,-16.001
133.64943251583915,-41.394,53.713,-94.043,-27.424,160.318,139.327,1.917,-93.086,162.683,-236.131,-105.145,83.974,117.877,-72.522
163.7879127952713,-61.224,33.096,-47.134,-121.564,169.039,150.86,-69.44,-46.721,201.66,-207.019,-111.837,68.015,94.185,-106.774
173.72264032899906,-38.778,26.464,-77.879,-179.602,149.606,181.334,-54.617,-72.274,165.893,-140.597,-126.261,114.448,111.543,-95.279
171.30090786271853,-25.27,28.177,-70.706,-94.112,176.394,150.673,0.073,-101.264,177.611,-155.617,-127.968,76.598,37.494,-181.654
213.29624338582755,-55.453,48.242,-67.201,-105.728,127.77,153.867,-20.585,-110.443,142.916,-129.164,-115.412,90.113,87.894,-111.362
169.75243508999247,-15.631,33.876,-56.616,-140.11,-32.286,164.504,-52.67,-99.255,166.868,-144.412,-112.078,77.748,91.469,-95.9
146.1155216136489,-32.604,34.221,-61.849,-170.755,199.824,171.085,-37.928,-45.366,166.758,-186.147,-112.299,94.886,96.261,-108.336
166.49851636758157,-2.227,-7.965,-68.76,-128.15,183.798,169.479,-84.708,-131.28,156.354,-154.238,-115.103,72.8,131.184,-93.414
168.81677399269523,-27.132,25.617,-58.42,-209.817,122.262,153.559,15.704,-130.541,178.598,-264.637,-108.27,72.987,92.434,-57.149
186.32839764815645,-26.416,25.956,-66.088,-132.256,211.243,168.934,-24.647,-58.711,183.941,-230.114,-117.078,69.262,44.519,-78.906
155.21217796963387,-29.643,36.163,-56.623,-142.968,149.549,160.285,-41.87,-62.833,177.823,-161.983,-127.564,72.593,67.721,-59.186
168.1268224841325,-47.824,28.206,-103.137,-98.024,292.271,144.42,9.185,-83.834,174.582,-170.5,-125.634,80.891,109.746,-25.544
165.07861017367952,-35.383,35.121,-70.244,-269.515,221.537,172.699,-12.993,-113.469,163.876,-156.959,-119.869,66.924,92.292,-79.457
166.8651926860013,-32.985,35.555,-70.654,-151.788,110.614,147.125,-6.584,-113.733,171.607,-148.928,-117.704,64.3,-3.47,-84.221
180.05097695810827,-17.723,34.651,-45.832,-154.848,195.047,150.499,-15.152,-213.606,169.658,-112.989,-107.252,69.663,140.011,-120.765
169.36828185209464,-29.599,19.899,-65.731,-111.945,227.935,153.868,-22.184,-97.494,187.683,-209.509,-127.296,90.147,110.691,-32.59
174.16069093412406,-25.71,20.19,-71.404,-155.915,255.942,161.552,-51.384,-47.956,176.625,-158.722,-109.728,81.882,102.972,-234.469
168.95193316147524,-30.584,5.272,-33.757,-112.71,217.489,176.189,-10.048,-138.005,143.001,-182.022,-124.736,64.932,129.367,-133.435
176.08413864363038,-9.931,43.091,-30.729,-153.821,194.001,141.197,-21.639,-113.67,159.911,-97.002,-116.833,76.931,56.756,-94.163
214.29332355600488,-32.878,32.723,-54.726,-195.865,75.432,154.178,-142.866,-343.947,185.141,-156.443,-118.42,66.013,10.647,-126.359
167.06541358921538,-18.683,5.33,-5.786,-247.557,138.339,166.083,-0.754,-110.698,195.063,-146.14,-135.355,76.622,39.393,-61.138
131.47779900852214,-38.364,37.938,-58.083,-97.498,131.817,140.229,-38.923,-122.597,164.248,-107.225,-126.849,62.67,76.644,-59.287
188.408414788091,-26.479,30.612,-77.846,-101.96,215.337,162.64,-53.912,-160.74,170.347,-115.657,-117.794,69.342,99.471,-9.869
194.11421696563275,-48.201,-28.05,-60.264,-173.223,142.078,154.797,-93.551,-140.232,170.058,-101.728,-112.739,81.084,28.4,-93.605
140.22876024124037,-47.645,-14.54,140.042,-129.841,304.383,166.897,-41.34,-158.591,176.513,-87.107,-132.531,53.08,141.823,-31.527
169.97481186298094,-35.367,34.604,-88.759,-123.453,138.293,163.355,-92.167,-89.941,158.071,-188.163,-122.363,85.311,104.485,-139.959
199.30051411337806,-3.794,46.723,-50.914,-70.027,169.423,177.45,-2.326,-140.366,176.436,-151.267,-88.761,79.042,109.687,-26.011
194.2374074775495,-33.218,-12.748,-79.14,-158.965,134.809,150.512,-39.229,-139.86,167.046,-124.196,-122.073,96.573,144.569,-54.488
165.5051113089226,-28.857,43.843,-67.644,-124.165,156.637,148.282,-88.173,43.482,183.497,-92.968,-125.089,79.878,122.855,-84.442
181.88761272109858,-19.082,23.721,-58.885,-182.093,143.019,148.107,23.175,-133.272,158.696,-103.993,-125.221,69.233,99.745,-59.952
167.30704958947382,-38.192,51.432,-85.047,-112.799,120.295,154.83,-45.112,-114.01,180.376,-138.929,-113.491,73.315,-35.511,-80.069
114.51513132306057,-27.851,30.619,-47.606,-133.403,197.276,165.947,-32.24,-88.528,180.218,-108.104,-119.205,71.55,49.406,-141.587
162.94366915355405,-24.45,39.65,-55.228,-232.005,246.76,154.565,-8.479,-99.168,171.279,-148.01,-120.311,76.985,95.488,-32.496
150.22695530913967,-0.446,54.426,-67.245,-239.087,163.229,153.531,-64.653,-51.177,184.249,-61.752,-119.155,66.448,94.605,-121.243
188.48207593240988,-19.081,32.648,-47.304,-148.318,153.141,169.058,-24.493,-107.843,167.509,-163.017,-109.417,78.137,103.874,13.138
161.69549952519702,-54.677,65.052,-109.181,-128.408,196.75,164.042,-29.901,-110.12,167.217,-215.171,-116.479,84.71,28.658,-70.265
160.3381056092918,-13.514,29.249,-67.667,-90.96,170.381,162.873,80.593,-121.213,144.803,-156.765,-123.871,80.49,93.419,-119.327
176.09670004632116,-37.483,32.952,-78.92,-86.258,97.117,154.094,47.993,-118.09,173.696,-158.42,-120.745,76.127,38.931,-15.289
192.64070623015107,-29.532,34.043,-101.58,-119.058,243.001,148.642,1.79,-102.424,163.824,-123.277,-122.62,97.527,80.239,21.684
151.10276754971392,-27.582,32.285,31.457,-128.309,159.661,158.309,-29.074,-165.08,159.793,-128.874,-117.949,88.604,90.984,-106.516
165.2157163740219,-45.675,72.546,-54.382,-180.341,176.02,144.053,-43.08,-111.354,158.897,-126.867,-110.68,77.971,85.015,10.114
161.54007225081253,-72.322,31.355,88.536,-143.937,129.026,189.421,16.19,-113.904,169.404,-162.202,-115.45,61.238,257.384,-106.857
163.64509476101662,-36.991,50.128,-127.713,-141.313,133.385,154.174,-36.316,-57.647,181.997,-162.872,-107.596,73.058,150.304,-134.29
168.51704799127336,-77.015,51.923,-53.377,-122.609,176.315,157.446,-47.124,-121.331,182.985,-121.524,-91.16,71.312,55.467,-116.891
168.23613050793796,-26.214,49.052,-92.588,-118.82,180.914,163.885,-213.251,-70.441,168.811,-141.37,-108.671,57.207,108.258,-80.767
214.1414948911651,-40.758,32.523,-77.169,-93.322,86.323,145.265,-40.657,-163.562,160.369,-140.892,-119.829,74.095,98.078,-69.856
163.5544764341574,-30.53,49.64,-77.078,-140.723,125.256,165.24,-4.851,-64.309,190.118,-78.7,-122.658,58.825,99.443,-94.114
130.88400114803633,-31.298,55.084,-22.488,-168.217,166.26,170.237,48.602,-33.655,155.537,-157.595,-119.275,82.576,73.834,-86.045
186.20318673616435,-54.229,25.022,-84.624,-118.393,113.595,156.43,-36.009,-89.404,164.863,-84.105,-118.178,69.789,79.841,-66.678
219.80605580050707,-30.562,44.998,-63.752,-80.468,175.38,159.985,-112.925,-102.035,153.334,-210.122,-122.134,66.432,152.944,-128.718
175.85200000000003,-48.695,39.586,-89.727,-108.372,154.573,172.106,41.479,-142.778,168.608,-87.7,-123.252,116.86,100.297,-96.317
144.80921179394042,-15.836,29.71,-70.733,-156.719,150.679,151.078,-55.118,-128.302,159.447,-156.78,-117.03,108.816,79.221,-33.341
184.5903714780145,-36.063,0.018,-54.511,-144.032,-164.635,168.5,-69.846,-109.986,172.19,-137.37,-117.172,94.234,38.657,-116.998
163.50853625122176,-6.618,47.883,-116.744,-81.874,58.745,179.855,-14.591,-67.837,176.35,-157.579,-132.342,84.91,133.421,-115.158
160.8464383404056,9.63,26.777,-50.172,-167.378,-14.554,158.742,-91.746,-92.474,177.148,-169.989,-103.221,98.622,96.015,-72.485
195.06092806436789,-16.395,34.838,-70.978,-155.836,86.83,158.149,-118.387,-116.746,176.417,-20.265,-115.225,94.504,109.019,-148.266
149.07109941371613,-49.271,28.807,-48.995,-156.438,66.589,177.656,34.832,-143.388,177.12,-142.882,-108.347,68.312,84.475,-60.228
167.37222546027738,-44.053,49.26,-63.066,-161.454,180.18,156.1,-47.67,-99.762,161.607,-150.267,-117.905,80.335,65.593,-65.427
175.6579378610143,-3.069,31.591,-54.325,-116.072,211.169,153.195,-71.496,-132.747,158.616,-251.067,-79.844,80.38,70.533,-116.054
173.56280048535675,-27.596,42.765,-87.594,-186.325,167.25,163.502,-73.284,-193.85,184.762,-65.212,-106.548,101.266,177.567,-98.36
223.40360444401293,-31.189,35.135,-40.986,-84.224,53.026,138.148,37.278,-66.342,140.368,-85.945,-128.037,79.596,78.186,-75.543
153.2226238741757,-19.53,35.689,-79.655,-44.495,134.93,171.531,-21.536,-81.237,156.308,-199.545,-123.865,57.17,191.628,-66.928
127.50799026612448,-22.931,42.269,60.046,-72.785,247.216,181.154,-43.839,-92.461,161.107,-114.695,-120.963,75.48,97.67,-53.802
230.9044199361897,-9.604,19.946,-91.903,-174.114,151.057,169.747,-123.565,-129.016,162.625,-184.081,-115.84,72.876,59.759,-118.843
172.32543335779692,13.706,10.653,-65.329,-110.794,225.368,180.086,60.058,-69.04,166.782,-64.963,-140.888,75.535,62.399,-80.583
173.3884405689036,-21.67,35.752,-39.206,-108.093,132.608,145.809,-36.328,-171.655,166.054,-87.105,-116.792,64.063,54.532,-86.733
161.1944651644598,-30.502,38.939,-68.111,-169.511,236.525,160.149,-59.83,-103.236,136.252,-157.593,-107.264,92.093,106.889,-94.435
177.9333145038766,-22.861,36.411,-44.589,-20.898,163.283,168.249,-55.706,-123.073,166.237,-184.68,-118.877,78.678,107.76,-70.752
151.31050394550772,-41.986,22.309,-59.96,-150.113,126.497,157.884,-121.497,-157.356,160.227,-127.938,-114.896,87.752,80.289,-85.242
172.81776083996988,-15.505,-1.154,-69.485,-149.574,94.127,181.662,-41.877,-125.572,184.447,-152.152,-134.709,90.317,81.312,-35.458
183.70137062960234,-12.854,-12.481,-69.925,-139.102,209.044,183.224,-30.304,-121.984,180.152,-137.773,-112.455,89.202,109.197,-172.47
132.76096195286794,-26.134,63.211,-60.651,-67.797,224.185,160.365,-94.34,-119.354,166.41,-136.97,-104.657,73.536,95.633,-58.775
169.79987120864925,-24.957,-13.627,-39.511,-202.208,204.945,170.527,-41.627,-173.342,200.563,-150.883,-121.916,49.751,92.832,-106.95
131.76506345160564,-41.499,43.467,8.244,-58.559,62.22,189.373,-68.757,-141.225,179.197,-136.019,-147.28,73.907,101.687,-37.545
168.59129582713138,-43.198,28.066,-82.995,-142.177,209.471,142.15,-38.936,-102.732,199.239,-162.067,-119.765,65.545,43.003,-76.359
142.52995956089978,-15.584,40.474,-51.598,-120.895,158.51,163.935,98.386,-218.976,206.229,-130.473,-107.741,82.052,140.188,-15.046
189.03544061324968,-10.351,4.956,-67.048,-240.163,106.893,159.437,8.183,-109.884,171.947,-58.762,-118.29,73.605,77.569,-120.601
159.99398670903122,-7.815,58.037,-82.844,-138.03,335.439,160.242,-59.146,-298.552,179.116,-149.659,-113.906,89.231,146.117,-47.685
181.8088839931783,-32.482,32.976,-54.029,-229.237,163.238,153.006,-93.911,-288.596,174.563,-208.852,-116.083,83.449,85.933,-103.084
179.25388664986696,-28.92,34.704,-155.658,-78.984,164.046,154.457,-98.805,-133.742,161.655,-79.712,-116.483,95.115,95.367,-64.071
180.8193519560453,3.248,60.904,-58.751,-135.486,150.111,165.923,-173.342,-63.338,164.814,-259.826,-134.755,69.066,102.734,-75.825
171.4323066869502,-13.848,32.616,-63.434,-116.282,156.931,161.216,-18.607,-110.08,161.815,-184.431,-115.404,57.373,144.963,-112.361
169.8884922017891,-32.457,6.096,-93.215,-115.689,255.92,143.567,6.503,-48.971,162.643,-278.813,-111.035,73.147,115.824,-72.657
167.3247785816073,-25.18,23.759,-69.054,-157.183,171.473,151.922,-3.175,-104.686,172.01,-154.289,-112.589,70.661,60.625,-76.854
191.72527673285995,-3.081,40.321,-51.328,-173.361,186.715,158.142,-134.542,-48.882,153.534,-149.056,-114.903,65.252,86.567,-101.891
158.88501963570434,-28.201,73.644,-112.884,-387.114,109.125,163.54,37.086,-122.069,157.515,-135.421,-118.456,127.008,88.841,-53.808
169.9701554485552,2.795,54.036,-82.325,-134.12,115.47,148.373,-119.756,-144.927,199.732,-147.676,-105.306,73.791,132.638,-81.224
168.78244841562955,-0.851,8.234,-5.979,-152.235,234.24,148.531,-6.734,-86.836,159.926,-153.671,-118.346,87.347,82.221,-85.067
173.55002474393766,-50.353,22.127,-28.571,-140.812,256.017,144.221,-99.279,-82.905,174.208,-147.518,-108.086,78.174,155.772,33.228
167.17016679896125,-32.747,42.498,-71.349,-161.328,179.248,189.207,-5.64,-130.642,177.893,-194.865,-119.444,68.521,88.922,-87.837
178.20862466708041,-74.048,19.808,-84.883,-7.56,195.505,164.517,-56.139,-100.145,172.853,-165.466,-109.353,70.003,112.859,-95.296
185.38323496822227,-8.256,60.181,-77.679,-147.851,203.849,182.315,-38.093,-64.255,223.282,-184.036,-132.291,81.734,71.276,-62.611
216.57271395950826,-28.575,47.945,-67.433,-209.096,145.537,168.42,-73.635,-88.035,175.615,-165.757,-111.354,79.991,8.666,-159.541
191.1036402774381,-24.026,42.17,-70.095,-146.282,288.14,166.404,-1.723,-60.727,193.192,-140.453,-111.726,70.335,129.417,-73.143
163.23924594485987,-10.919,34.367,-63.689,-109.155,229.467,161.411,-52.376,-136.275,180.724,-151.131,-109.022,79.078,-11.418,-8.891
188.98177538632007,-38.198,43.368,-60.353,-62.736,172.899,165.913,-58.641,-135.373,151.993,-175.908,-102.952,80.659,49.811,-93.998
168.60579295391793,-7.946,57.533,-71.404,-155.556,154.142,168.588,-19.997,-89.433,163.33,-109.421,-112.869,50.82,80.754,-53.766
188.93833116448653,-42.598,2.226,-57.582,-135.47,167.2,156.052,-88.273,-95.205,165.447,11.052,-111.527,50.067,19.064,-61.149
159.54452744166957,107.385,29.88,-58.586,-128.674,189.191,156.312,-11.223,-125.398,169.434,-256.373,-102.713,79.417,105.466,-103.688
157.04941112101437,-25.923,35.973,-44.932,-98.543,210.564,178.995,-29.374,-93.637,170.581,-144.559,-107.47,64.507,25.416,-5.263
135.8179718949094,-28.67,43.7,-90.368,-70.906,128.072,150.974,-35.177,-176.884,158.315,-212.61,-99.763,78.893,87.04,-49.634
177.53455475551092,-46.547,27.259,-87.448,-110.737,134.349,163.919,-38.288,-86.959,191.847,-255.724,-111.189,72.569,86.387,-52.826
209.30913885026192,-28.855,35.953,-62.786,-137.705,127.641,164.463,-15.619,-140.822,171.818,-117.321,-125.424,71.602,72.6,-69.085
163.57848559885247,-3.858,31.582,-75.676,-157.315,200.286,151.657,-55.144,-139.662,198.011,-219.42,-118.128,80.752,111.248,-104.93
154.51156476719046,-13.273,41.433,-82.203,-89.477,195.691,190.677,-51.11,-98.431,126.406,-140.505,-120.561,80.308,94.091,-70.128
166.9916839188895,-18.452,23.659,-37.007,-142.718,196.609,165.236,-56.758,-94.571,140.709,-123.729,-118.0,81.49,71.386,-79.194
246.0448273253973,-2.313,-5.879,-92.966,-141.688,205.817,156.551,34.685,-174.673,155.987,-129.191,-128.228,57.908,74.357,-63.267
200.00223354033986,-50.046,32.231,-23.875,-227.165,175.743,151.45,37.66,-133.204,183.386,-187.078,-117.496,68.395,70.684,-53.252
177.3772694605284,-53.013,32.009,-102.919,-117.645,227.354,172.643,-44.787,-212.847,169.855,-71.5,-115.416,68.121,139.052,-138.42
208.67276597866916,-9.63,40.063,-36.497,-141.428,205.911,117.618,13.006,-90.678,174.787,-151.345,-117.359,89.23,61.188,-38.272
175.93933755073337,-25.208,40.989,-46.905,-231.21,165.742,161.228,-51.305,-81.897,183.303,-147.475,-104.303,117.707,110.371,-85.786
166.19992112193444,-32.489,32.33,-55.044,-143.259,51.346,154.285,102.575,-199.471,169.143,-209.385,-116.504,101.831,60.975,-138.799
151.02826538128568,-23.868,30.109,-69.261,-86.109,97.108,173.194,-64.084,-156.488,191.129,-144.428,-133.523,99.721,100.918,-71.377
211.54021654602013,-71.441,46.557,-33.891,-177.307,129.841,187.583,-9.978,-78.871,162.628,-234.267,-116.971,75.598,47.99,-64.778
220.42330292904649,-30.29,48.723,-40.016,-123.076,126.034,167.871,-11.773,-82.53,215.404,-172.599,-118.282,71.465,79.414,-41.233
164.86599182254926,-28.193,26.839,-30.974,-177.055,167.701,184.009,-118.076,-44.347,173.348,-181.764,-111.756,87.64,104.203,-111.321
147.2516129018216,-35.07,45.223,-59.538,-119.943,214.421,172.179,-54.724,-93.656,185.939,-177.564,-120.386,67.99,147.919,-90.901
157.41700000000003,-22.061,38.141,-147.117,-56.71,220.332,165.025,-71.379,-120.475,176.328,-143.424,-106.164,74.554,111.278,-73.707
170.70195130432194,-30.373,23.403,-14.241,-146.301,218.043,150.378,-126.865,-51.865,154.229,-203.576,-109.249,89.278,69.984,-32.791
180.63573267575106,-51.548,24.767,-54.114,-130.261,171.83,150.312,-38.677,-89.186,128.789,-141.699,-119.94,90.631,25.687,-71.228
179.33712703871163,-35.356,62.606,-18.394,-158.281,157.526,155.146,14.887,-198.088,159.415,-141.945,-107.633,69.021,85.904,-224.346
160.77012095277024,-23.247,44.245,-62.375,-111.213,142.651,115.076,-10.027,-140.608,180.486,-141.766,-117.271,66.587,87.52,1.348
203.10620350994625,-28.611,27.825,-98.153,-133.526,156.997,158.713,-59.443,-76.045,177.504,-89.361,-116.508,78.693,55.096,-70.541
148.08376290337867,-37.925,32.151,-65.297,-136.041,182.197,162.532,-78.138,-62.066,161.107,-173.163,-96.033,81.915,63.003,-83.751
177.31105312119337,-20.282,21.831,-65.063,-113.881,167.218,158.973,19.503,-188.978,171.154,-121.061,-121.862,88.189,121.542,-93.506
177.32005288244042,-18.536,39.405,-59.064,-146.929,110.855,167.099,-5.783,-100.428,167.64,-154.222,-125.31,51.435,95.668,-86.293
139.69414410736272,-25.489,45.219,-67.015,-122.645,167.866,154.71,-22.695,-43.115,197.211,-165.487,-126.03,76.125,110.284,-122.339
167.9458516253829,-48.349,41.914,-42.809,-119.919,221.34,163.116,-30.013,-68.853,168.535,-157.047,-125.992,64.858,2.268,-30.562
153.95004877568476,-20.661,66.324,-15.169,-159.668,177.618,140.176,-7.331,-70.182,182.859,-174.034,-122.918,77.123,147.654,-34.99
163.91463382029855,-25.42,55.033,-86.762,-64.974,203.608,192.886,-24.35,-97.004,168.058,-156.18,-103.395,78.617,-81.701,-48.349
143.40486731262496,-34.651,9.15,-25.931,-131.175,188.124,154.341,6.939,-109.922,154.347,-166.369,-116.935,78.715,103.955,-129.314
182.00151697906554,-39.745,82.144,-72.321,-184.203,180.722,164.73,-21.17,-92.904,172.243,-118.494,-107.221,64.426,122.796,-118.982
173.36360704752985,-31.344,38.331,-121.17,-205.61,175.153,153.855,-101.075,-61.424,172.237,-137.57,-113.526,77.822,97.665,-78.953
171.2055435813271,-41.335,44.07,-91.159,-170.656,180.636,157.321,-131.258,-117.968,165.796,-209.274,-108.228,76.09,98.593,-23.2
179.98883371970544,-55.006,20.285,-62.79,-105.272,99.524,182.299,-32.949,-116.094,183.814,-140.717,-118.665,60.541,6.135,-78.473
130.72447069931044,-31.653,38.463,-59.217,-123.373,157.602,167.345,-93.054,-66.361,167.767,-169.821,-108.526,70.988,124.31,-101.335
128.05551443741098,-26.78,34.99,-94.907,-95.978,198.576,156.23,53.425,-111.33,163.757,-242.315,-133.774,106.469,329.915,-42.127
173.56461455045164,-17.125,-12.693,-68.556,-126.837,176.636,158.057,-8.385,-148.14,170.938,-104.808,-122.287,31.322,74.257,-103.785
177.96418060784356,-33.995,12.652,-15.039,-129.372,182.232,158.646,-54.355,-90.156,179.216,-146.78,-124.871,92.473,17.864,-85.299
185.2641448825587,-24.511,50.831,-17.743,-106.084,166.161,185.15,-36.638,-68.972,138.057,-124.16,-121.418,84.753,62.215,-87.273
168.91128425674447,-32.462,25.234,-57.649,-115.438,182.238,141.311,-2.737,-52.883,175.517,-128.121,-109.192,74.356,80.952,-84.444
160.0568745780281,-48.627,35.368,-78.842,-117.256,131.293,150.218,39.366,-83.065,181.951,-160.56,-102.399,89.608,-43.938,-70.687
174.79319687120608,-7.196,30.402,-41.971,-179.237,190.246,164.029,122.116,-96.916,172.611,-237.751,-117.432,64.503,111.973,-125.341
176.17129787031544,-12.867,9.934,-83.665,-43.049,154.31,149.462,12.726,-94.742,170.164,-126.073,-120.204,84.319,30.643,-39.409
168.4738716701599,-25.067,38.536,-64.927,-138.448,156.852,169.332,-50.153,-52.723,169.791,-110.907,-118.819,63.735,60.164,-55.448
180.95883471661512,-30.86,31.417,-57.456,-142.473,179.859,153.163,-185.715,-123.269,168.253,-130.461,-110.886,76.723,70.543,-71.203
153.81228930724103,-27.33,-0.159,-70.508,-280.839,138.589,158.093,-19.629,-6.721,149.328,-141.573,-92.522,54.945,9.726,12.443
133.57681526207477,-16.282,34.507,-28.654,-170.543,97.292,149.438,-7.208,-273.405,159.423,-148.14,-106.064,96.859,75.87,-107.112
157.57785041837963,-30.451,62.952,-44.414,-157.521,166.787,161.469,-21.754,-105.318,175.768,-166.366,-107.154,87.733,100.079,-27.022
149.58249564398028,-45.239,34.024,-103.135,-186.25,142.359,170.857,-24.679,-97.447,158.515,-208.817,-116.254,74.025,134.825,-47.282
205.17060470747003,-44.517,69.75,-35.868,-72.131,168.276,160.183,-41.815,-110.972,208.451,-196.014,-123.733,76.141,73.381,-37.729
173.77282080350483,17.126,10.926,-89.168,-134.094,197.697,150.702,13.082,-106.445,166.556,-160.899,-123.199,79.536,94.097,-45.992
159.84982947975362,-30.093,79.816,-87.857,-140.218,167.423,145.503,-4.373,-95.454,206.469,-195.772,-124.648,102.431,84.904,-105.974
145.07032777534783,-56.061,30.269,73.638,-191.994,224.954,160.729,16.459,-53.219,181.68,-146.498,-113.665,85.221,101.509,-107.919
185.95178073772206,-19.539,12.832,-26.392,-134.893,190.922,141.796,-6.129,-126.293,180.828,-109.458,-118.812,77.668,102.017,-64.948
164.1208949571189,-59.08,34.192,-50.176,-123.855,168.301,157.493,-52.973,-154.719,165.563,-147.717,-113.003,80.403,144.151,-54.521
145.2586515904417,-46.014,32.984,-132.966,-136.712,110.76,158.253,-69.483,-253.618,166.973,-178.649,-125.0,79.544,78.615,-68.123
149.12846306622595,-23.323,34.769,-93.149,-59.247,220.556,194.042,-89.231,-133.301,104.597,-124.171,-115.515,76.481,149.752,-63.826
169.81437020592605,-19.821,28.971,-55.296,-92.368,190.824,142.813,-34.495,-64.373,161.84,-105.556,-115.124,71.824,133.603,-104.109
153.99244917935923,-37.266,35.335,-70.126,-166.483,207.266,157.468,114.118,-78.353,150.061,-136.364,-116.48,89.904,19.247,-77.555
149.30240509848872,-43.287,28.922,-96.47,-90.865,69.473,154.108,-32.403,-119.234,196.924,-126.957,-125.532,65.557,-7.272,-111.403
174.0176973996459,-19.274,51.074,-76.479,-118.14,190.72,160.709,-114.991,-105.454,147.418,-146.909,-126.136,52.082,108.922,-82.993
186.39346387021013,-18.044,25.19,-24.676,-150.077,125.533,162.596,-22.087,-140.755,155.278,-134.641,-99.431,82.648,124.114,-80.698
155.32077683659742,-25.847,30.139,-101.635,75.86,49.964,161.439,2.378,-132.542,176.714,-123.737,-111.26,71.976,80.016,-84.977
159.41106887299387,-30.123,24.771,-27.142,-161.088,92.204,157.625,-68.404,-1.001,154.299,-136.296,-100.714,92.944,78.89,-82.978
151.71419376489158,22.805,70.494,-40.968,-134.59,185.313,155.666,-13.706,-90.454,170.466,-145.425,-113.019,69.987,102.684,-133.726
168.5041240084484,-25.605,56.275,-62.046,-163.542,187.328,150.368,-42.688,-131.343,159.352,-146.72,-112.551,101.266,41.429,-69.94
159.6624655584061,-22.377,38.401,-51.96,-80.708,94.296,155.785,-55.847,-18.99,149.423,-197.896,-113.929,35.587,49.02,-110.12
133.69335655291033,-18.473,42.297,-148.476,-194.374,221.775,165.158,19.155,-89.629,167.14,-142.528,-119.067,83.012,188.162,-22.673
157.4141388217813,-34.091,48.687,-74.007,-73.651,171.113,159.932,-46.945,-67.813,178.434,-134.192,-116.102,73.625,101.879,-86.619
174.4777728044919,-19.761,25.576,-127.812,-147.726,166.245,188.425,-19.112,-117.272,165.69,-98.806,-118.147,115.433,69.177,-94.672
174.35750456190905,-17.501,29.833,-63.564,-130.361,203.159,158.707,-53.686,-85.94,216.34,-146.523,-117.347,80.404,63.309,-119.48
149.49209376966144,-30.26,22.306,-67.266,-81.283,223.761,176.752,-61.736,-94.45,179.391,-174.02,-136.065,73.831,90.27,16.362
169.52314537857708,-25.901,10.992,-73.067,-115.441,110.363,168.593,-51.718,-90.191,159.302,-141.154,-123.295,57.798,127.863,-138.698
183.85649667885656,39.802,39.333,-91.217,-211.179,113.127,151.652,-14.645,-130.659,177.883,-110.504,-112.028,102.051,96.227,-114.773
177.89051170846713,-7.204,82.957,-37.124,-157.865,200.352,122.693,-61.465,-117.902,157.817,-153.63,-111.894,74.951,62.654,-141.562
184.2206015410998,-29.378,71.124,-9.723,-136.253,179.525,163.979,-71.085,-137.914,162.646,-146.399,-112.461,86.213,32.545,-85.754
192.8103963727038,-30.305,40.347,-77.36,-148.217,191.451,146.635,-43.042,-90.164,164.209,-180.758,-108.272,106.858,94.684,-83.128
181.83677261640548,-32.134,42.093,-168.57,-153.983,132.126,169.704,-41.371,-119.137,162.839,-105.388,-91.652,82.369,97.194,-78.149
177.998032513426,0.282,27.116,-70.268,-129.564,226.312,150.632,-140.246,-96.753,169.606,-115.838,-118.292,78.609,106.062,-52.708
188.817745755297,-26.334,32.936,-55.018,-108.94,102.427,159.677,54.666,-87.895,143.588,-121.788,-114.593,77.487,51.865,-27.336
123.73953781606494,-31.992,42.421,-22.856,-176.108,164.262,132.594,-67.999,-89.931,163.207,-150.985,-110.883,74.146,44.026,-31.233
175.70438800275153,-28.87,28.073,-62.582,-51.608,248.041,137.824,-21.082,-196.241,161.978,-172.304,-128.729,91.798,95.13,-235.158
172.2831912757634,-18.674,41.251,-62.67,-188.316,133.649,190.758,-76.025,-92.727,188.177,-138.226,-123.68,75.523,103.023,-109.167
181.1792010136037,15.083,91.061,-62.645,-122.575,192.272,141.277,34.91,-99.646,165.452,-78.248,-97.601,89.592,83.289,-128.354
174.11626201345933,-38.331,8.061,-80.992,-223.054,360.287,158.669,-9.068,-204.655,155.702,-201.72,-118.634,81.247,77.285,-69.686
227.20996936512998,1.23,20.295,-35.309,-25.365,131.477,161.628,-57.89,-130.403,149.082,-141.865,-119.52,56.807,110.369,-86.889
177.60582288051654,-40.581,25.168,-34.814,-146.237,160.085,173.058,-64.192,-115.428,167.524,-141.598,-116.55,50.784,110.016,-63.465
143.7226919672484,-15.931,28.452,-27.038,-208.383,254.902,140.162,51.487,-95.386,198.865,-134.233,-117.492,78.138,93.484,-69.439
181.82503573863508,28.159,31.405,-68.553,-96.09,197.03,157.034,-22.921,-160.557,175.471,-119.643,-127.858,99.514,80.883,-68.743
166.05974627994502,-17.195,40.056,-50.997,-159.425,288.765,173.831,-30.597,-55.854,204.672,-200.669,-115.447,85.44,75.033,-49.799
168.56687693429419,-29.097,38.252,-45.833,-119.26,165.913,159.737,-59.336,-100.386,147.159,-169.711,-115.314,79.359,80.909,-18.05
177.24994570609095,-15.473,27.782,-53.873,-131.204,130.71,159.206,-89.09,-86.711,169.426,-118.138,-110.187,83.258,97.22,-86.02
153.1724622901157,-29.841,33.708,-80.495,-2.661,135.644,116.251,-49.984,-98.112,174.447,-102.129,-111.485,88.264,112.501,-97.926
135.73095769366327,-34.487,89.018,-80.192,-88.259,206.525,159.766,-16.07,-58.301,155.109,-145.006,-114.701,83.922,162.922,-228.092
160.88121915499102,-26.55,58.394,-69.517,-92.18,120.172,173.035,-34.341,-98.55,213.796,-139.849,-114.217,62.657,102.628,-84.321
167.89854573965735,-74.72,59.167,-77.754,-144.647,174.154,168.905,-99.197,-45.843,163.455,-153.579,-110.979,20.06,83.287,-124.238
186.38511880154167,-32.698,39.954,-115.689,28.349,145.15,159.948,-39.298,-54.842,164.635,-257.18,-124.655,78.361,91.121,-73.759
185.15490386009247,3.952,1.663,-70.889,-177.793,93.715,171.734,-26.885,-166.704,150.681,-147.641,-131.155,70.357,109.122,-123.342
156.86563915540233,-14.73,22.021,-23.686,-93.914,119.694,164.113,-83.545,-59.999,168.414,-210.114,-113.484,71.635,-72.367,-76.347
149.9464670017031,-21.836,31.059,-132.74,-141.203,153.646,156.01,-41.404,-77.183,163.344,-143.869,-123.761,74.055,123.107,-234.905
153.80157594751432,-81.25,31.474,-70.812,-171.314,220.284,171.877,-34.213,-131.829,172.201,-143.486,-104.551,62.226,83.751,-118.066
164.18354613632,-29.274,57.597,-66.783,-116.468,181.842,158.651,75.036,-70.368,169.962,-185.438,-113.176,48.477,99.464,-121.921
164.3126641403015,-46.834,36.072,-113.138,-126.36,178.935,159.409,43.96,-101.289,171.426,-183.835,-123.163,89.007,91.952,-247.566
176.7641995475999,-48.547,75.737,-38.436,-88.449,108.551,175.304,-28.832,-138.692,174.959,-268.876,-110.64,76.452,90.955,-57.471
128.77081823879317,-5.257,-80.8,-45.955,-136.197,186.577,152.092,-60.129,-138.078,169.107,-222.609,-124.364,73.734,96.357,-70.533
147.92794642909365,-29.458,37.192,-61.649,-90.43,156.085,147.045,60.892,-101.229,164.252,-161.764,-92.501,79.293,20.192,-169.849
161.25251471050558,-36.263,14.871,-82.242,-145.576,178.554,190.338,-44.122,-63.722,163.438,-171.194,-110.482,81.489,89.76,-5.941
135.63892840333926,-26.543,43.398,-75.537,-133.48,142.746,160.238,-12.985,-58.413,169.903,-97.105,-113.232,58.492,105.398,-117.62
182.25905275145482,-34.143,31.697,-71.679,-73.799,164.36,161.142,-60.72,-171.799,175.771,-153.48,-131.69,79.002,137.641,-68.557
168.47023598074733,-33.741,29.677,-91.693,-160.803,220.247,164.919,-67.163,-59.643,178.153,-114.096,-119.416,75.332,68.934,-70.343
183.98511065484553,19.029,32.456,-67.639,-145.011,106.38,109.521,-67.883,-198.152,219.299,-191.193,-119.803,83.378,116.795,-37.276
156.99624966686463,-26.482,18.475,-66.657,-135.923,167.054,154.21,2.054,-118.335,168.454,-165.316,-107.521,89.504,70.077,-75.129
167.95400000000004,-10.456,34.093,-55.626,-169.488,163.504,161.476,-11.236,-140.364,176.707,-97.719,-113.979,79.811,125.319,181.374
168.10036087273042,-4.937,40.853,-83.909,-179.328,207.945,143.414,-54.283,-107.701,173.453,-159.174,-111.906,80.506,28.771,125.273
164.32373635855964,-32.043,34.857,-99.177,-129.835,171.16,145.118,-51.157,1.168,158.502,-144.819,-115.969,85.618,49.317,-88.716
182.44475727228883,-51.861,20.131,-87.246,-77.71,98.591,198.61,-128.571,-114.821,175.089,-143.454,-102.875,69.668,82.3,-80.08
184.40000988434315,-18.182,28.223,-79.659,-85.017,169.741,118.288,-20.778,-107.546,174.115,-149.04,-113.988,97.366,80.169,-90.227
129.35409819666327,-26.898,46.981,-51.308,-180.416,203.9,156.13,-5.783,-127.785,197.732,-178.23,-121.316,49.878,110.869,-85.85
174.690145965193,-19.454,57.896,-68.491,-114.038,184.573,166.402,-113.833,-171.372,165.152,-192.235,-115.655,76.738,73.535,-70.749
123.593942003404,-20.523,30.52,-68.627,-178.275,182.479,175.848,-40.913,-102.131,149.343,-80.051,-118.915,70.452,75.278,5.299
186.49842610612646,-28.648,41.315,-90.514,-153.607,184.98,203.751,-25.662,-49.572,135.385,-149.664,-122.804,96.664,117.235,-134.507
167.03378746466012,-30.146,66.046,-52.957,-187.096,239.509,165.661,-59.636,-96.672,163.199,-209.518,-82.815,72.14,70.298,-97.401
160.89704166056637,-35.09,21.501,-0.611,-120.651,204.947,163.273,27.106,-88.239,196.754,-156.772,-103.944,74.222,126.902,-57.528
88.79645232518723,-20.833,33.959,-22.647,-101.29,129.832,166.733,-29.025,-94.673,166.497,-127.369,-105.928,80.942,131.028,-92.79
175.88686966990986,-18.571,8.916,-80.348,-88.349,211.281,162.127,-83.568,-159.417,157.191,-147.307,-112.112,77.718,92.571,-100.469
178.48471679591822,-15.884,63.451,-83.073,-140.05,76.962,119.439,-24.403,-86.508,169.172,-153.308,-123.173,86.81,98.309,-28.33
162.512142139025,10.953,59.178,-57.5,-207.433,130.804,162.317,76.729,-113.414,168.134,-183.828,-111.265,86.889,82.156,-106.409
168.156,-45.421,45.259,-97.284,-221.081,154.58,138.549,-35.729,-87.769,164.459,-120.092,-121.258,57.745,79.742,-96.062
162.46333867498745,-53.801,20.91,-74.704,-200.74,139.212,149.907,-8.044,-83.784,156.123,-186.741,-123.876,81.072,86.445,-34.96
163.6211753920935,2.881,27.17,-56.762,-137.795,233.045,161.704,-77.455,-183.948,161.325,-141.539,-114.328,97.9,84.286,-92.751
161.7246578191086,-14.894,15.806,-68.386,-67.167,176.469,171.518,-101.128,-68.931,140.199,-67.384,-117.408,77.431,72.732,-119.355
187.08785853460552,-25.526,35.765,-77.777,-110.8,138.635,140.075,-47.313,-130.001,155.124,-154.668,-125.795,87.695,87.697,-94.126
170.76418259806994,-56.758,39.535,-76.271,-114.036,129.972,180.01,-34.383,-90.438,160.099,-115.496,-126.492,80.298,80.572,-139.99
173.42840976160804,-34.263,28.153,-81.295,-135.365,160.328,166.474,-55.199,-112.354,151.982,-147.87,-119.439,75.865,122.165,-103.349
163.37141485473492,-26.227,25.194,-63.617,-138.392,197.45,158.183,-47.444,-115.378,180.248,-119.044,-109.583,58.307,105.264,-95.273
150.14572575831198,-30.821,39.476,-52.916,-130.463,169.764,160.557,78.876,-158.232,157.433,-113.211,-112.885,74.973,102.64,-65.305
151.02518020002654,-27.367,59.813,-56.614,-109.287,200.066,144.94,-84.328,-85.435,209.12,-114.189,-126.334,84.876,76.002,-88.345
174.644,-30.011,51.004,-81.267,-134.658,131.39,108.003,-91.74,-78.179,169.862,-136.74,-128.027,60.378,36.579,-80.861
154.05482094923153,-57.275,38.522,-58.637,-155.415,119.879,186.421,-88.083,-142.946,150.279,-126.337,-117.952,71.527,59.752,-80.848
162.8973403110712,13.962,58.748,-143.211,-100.49,191.4,170.734,19.201,-94.664,152.73,-173.483,-93.803,77.37,77.271,-91.747
152.18922485905648,-36.925,23.766,-87.298,-30.303,192.971,148.716,-31.32,-34.398,189.073,-150.975,-125.189,83.963,84.678,-107.259
183.4556822763754,27.923,36.08,-59.023,-9.711,232.641,163.624,-37.858,-96.119,160.626,-168.255,-116.721,81.287,124.094,-102.03
205.63263684880462,-19.375,35.781,-103.824,32.859,155.738,157.442,64.376,-82.303,172.495,-144.57,-111.57,69.19,104.565,-102.55
171.5269922599619,-45.721,27.655,-137.648,-118.21,168.386,171.004,-9.346,-24.513,160.787,-194.496,-120.131,67.863,60.634,-82.349
140.1474063551658,-32.173,51.17,-62.754,-87.019,138.488,144.982,-27.585,-192.647,196.03,-203.241,-125.784,89.495,67.506,-78.753
169.20507813556648,-61.65,9.607,-84.841,-160.756,170.949,182.083,-26.371,-96.771,176.059,-290.252,-113.501,88.338,82.926,-47.006
174.79451382184772,-17.925,35.651,-90.012,-189.75,150.234,158.648,-33.931,-93.107,156.719,-182.393,-124.816,76.622,116.619,-88.094
178.50723067774013,-25.763,28.611,-20.858,-121.563,154.572,165.675,-14.457,-90.178,158.751,-133.732,-131.487,41.311,90.923,-78.158
195.00951553909633,-10.373,37.581,-58.544,-145.873,193.034,158.403,90.813,-97.209,142.583,-154.236,-114.115,70.256,87.436,-121.177
173.37805778375468,-28.98,38.367,-84.76,-154.942,146.031,151.823,-44.085,-8.547,141.256,-165.361,-117.142,75.723,79.667,41.383
233.3597583520475,-9.742,19.17,-72.977,-176.129,136.898,162.564,-27.688,-79.313,167.883,-208.071,-114.628,64.002,73.327,-79.682
185.51882356013007,-44.768,36.542,-61.329,-131.039,152.333,152.94,-4.53,-43.129,101.509,-136.325,-118.627,90.428,91.401,-168.18
87.98030114438788,-17.66,41.335,-70.665,-123.676,111.116,170.378,-93.384,-108.329,186.133,-135.175,-71.371,70.36,85.556,-48.148
150.59455254019883,-23.597,34.646,-57.365,-114.843,168.129,173.024,-31.693,-124.284,192.775,-109.721,-107.893,73.148,84.922,-81.828
160.29570687675488,-33.236,29.901,-71.069,-52.005,165.577,170.111,-65.196,-174.174,171.132,-189.707,-134.94,75.165,99.042,-34.263
160.0548800468687,-14.422,-2.494,-0.915,-155.25,187.589,163.721,-47.349,-72.584,174.755,-206.507,-120.543,89.376,130.057,-17.38
159.29775866656888,-44.579,-34.557,-108.375,-141.132,162.089,167.006,81.238,-115.218,154.247,-136.297,-98.447,92.314,91.482,-52.686
104.08836852575502,-47.786,34.441,-86.266,-75.773,174.486,162.742,14.197,-141.048,168.084,-187.512,-132.524,100.578,58.401,-117.264
169.04937498412278,-23.803,22.205,-95.926,-54.812,194.665,172.225,-120.189,-71.449,170.656,-180.615,-116.231,61.846,147.338,-51.086
166.40668621757987,-32.744,40.146,-127.863,-77.399,114.368,146.599,24.871,-169.105,160.335,-180.897,-115.308,79.018,85.248,-60.209
186.95840391301508,-19.004,-5.88,-70.956,-192.064,157.233,161.714,-81.455,-128.019,151.966,-152.693,-132.562,58.324,102.035,-45.48
131.54312138024721,-23.136,32.237,-117.984,-235.034,188.361,180.364,-52.227,-192.547,181.377,-104.436,-106.98,92.358,145.019,-190.105
160.52803822804026,-27.381,35.843,-14.828,-64.651,117.271,146.64,0.596,-69.987,174.552,-122.475,-118.972,76.283,66.319,-38.32
134.43502031953386,-55.567,20.122,-63.148,-131.423,64.167,159.699,-24.304,-33.081,166.208,-188.002,-110.137,80.629,117.11,-84.842
151.89389997873877,-32.341,34.032,-69.959,-40.549,142.574,145.231,-43.601,-81.043,163.645,-123.018,-108.818,73.637,72.533,-142.012
208.84708071214266,-36.67,45.762,-84.739,-118.981,105.7,157.059,-36.998,-123.434,175.852,-135.841,-132.564,106.61,87.525,-110.759
154.40301849418864,-0.896,40.415,-46.077,-91.759,157.306,137.382,-11.318,-94.204,145.899,-121.572,-103.967,73.603,77.172,-85.785
156.54564586474896,-7.56,-36.017,-51.878,-134.906,-11.51,172.465,-43.798,-88.488,171.801,-142.5,-117.736,84.609,46.865,-112.178
170.72525346382952,28.163,29.654,-39.478,-141.286,276.481,165.218,-56.619,-141.53,187.46,-109.167,-124.572,97.215,54.9,-77.538
167.38504682751585,-12.464,17.124,-50.5,-214.648,90.746,163.549,-74.657,-69.089,163.393,-163.675,-108.763,57.481,123.806,-185.366
173.1848123331887,-35.696,48.817,-45.386,-187.257,199.654,162.776,-54.612,-97.073,160.019,-152.799,-118.016,88.574,121.695,-65.843
160.74466895177818,-44.433,26.898,-17.001,-232.94,92.354,159.611,-19.402,-118.061,242.403,-123.051,-96.75,33.834,142.926,-59.657
154.690829695076,-36.548,26.763,-45.48,-140.914,159.644,158.141,-34.683,-208.687,168.097,-148.489,-105.997,80.45,44.593,-58.299
183.99844903832744,-71.318,7.772,-70.886,-149.648,154.208,147.499,-18.044,-160.125,170.708,-172.437,-108.803,58.701,126.702,-104.187
167.60024340466987,-12.754,32.694,-59.013,-102.848,212.124,158.86,-41.866,-117.093,157.682,-152.516,-114.33,68.97,62.227,-23.563
156.64705631838626,-42.815,8.059,-88.81,-120.132,124.396,150.842,-27.325,-54.11,169.594,-145.013,-97.204,53.343,101.805,-55.129
214.91042761832588,-28.193,36.965,-75.977,-40.726,83.759,151.209,-41.587,-51.393,145.212,-112.677,-118.599,80.916,64.294,-92.973
203.9985451358679,-22.781,35.946,-90.009,-168.645,167.066,162.613,-50.545,-115.359,171.264,-150.295,-109.899,57.214,85.009,-197.025
174.59533490750223,-45.436,36.913,-57.384,-132.077,108.518,138.598,-30.704,-88.341,158.775,-79.154,-103.948,59.258,94.884,-126.817
185.55500000000006,-22.072,37.878,-72.841,-141.805,107.101,172.846,14.205,-72.217,137.246,-158.403,-145.742,63.575,64.721,-109.3
169.314098307471,-13.724,37.085,-55.17,-263.032,165.289,166.233,-8.286,-77.94,158.325,-157.044,-113.534,88.062,82.78,-131.78
120.19301739287569,-16.007,33.365,-34.307,-162.33,179.925,159.251,-90.083,-106.994,160.322,-100.557,-128.829,75.497,71.295,-23.953
174.79105520587913,-20.092,38.8,-46.199,-205.355,81.953,163.531,-111.741,-120.243,164.965,-54.991,-121.725,45.043,88.031,-97.901
168.34935513515003,-15.426,-17.919,-80.243,-84.56,170.435,148.801,-133.334,-204.794,166.79,-154.359,-135.213,79.275,101.075,-64.718
142.87019708722994,-39.579,20.431,-32.385,-188.945,155.63,131.097,-43.262,-67.018,172.336,-138.625,-117.209,74.365,95.62,-22.142
165.89947588104343,-39.452,40.557,-82.144,-155.992,76.736,160.926,-28.308,-83.845,173.267,-121.992,-118.723,76.436,66.483,-63.628
182.47575275024658,-26.48,40.068,-67.328,-208.532,176.454,163.564,1.561,-170.076,196.328,-154.562,-127.731,79.162,89.301,-82.683
155.79090238044662,-16.197,46.926,-76.391,-140.332,214.96,136.591,-38.82,-101.786,154.6,-124.653,-115.261,82.533,98.289,-82.056
165.06060046307724,-26.939,78.586,-68.72,-153.429,176.57,158.647,-48.517,-136.007,161.596,-182.017,-116.939,97.257,98.204,-104.349
172.67632644031212,-42.167,14.305,-98.635,-119.428,277.891,146.475,-66.932,-88.469,175.872,-153.776,-118.748,117.945,58.777,-146.714
165.8530258342997,-26.664,20.99,-32.403,-200.653,135.35,160.708,-68.305,-72.685,185.771,-187.277,-114.337,83.177,49.588,-77.511
194.8263735280062,-43.307,37.52,-108.276,-102.208,135.734,171.948,-34.342,-130.007,178.292,-250.862,-121.61,89.098,100.335,-66.369
156.48574884501625,-44.154,50.587,-32.155,-229.352,178.323,164.926,-49.234,-152.344,163.427,-132.246,-117.511,51.161,167.859,-58.301
161.3819060787465,-45.646,52.51,-60.313,-85.699,170.508,150.686,12.764,-224.831,141.117,-147.171,-117.636,57.166,-29.578,-122.056
166.0408002811856,-28.719,41.34,-95.749,-127.123,191.668,176.354,13.107,-103.214,177.901,-100.102,-116.513,108.261,86.953,-73.556
162.03449854457094,-24.822,25.405,-71.089,-180.499,159.201,158.926,-34.274,-139.556,178.797,-83.512,-118.868,84.776,95.053,-75.426
185.12991098023997,-23.692,32.819,-27.407,-121.208,123.709,165.729,-65.47,-89.892,201.635,-201.292,-122.2,39.307,28.393,-119.303
172.1760249346195,-63.391,28.4,-43.792,-36.883,165.296,179.432,-79.2,-97.714,179.021,-151.954,-123.684,86.862,-29.911,-85.264
168.8752166477856,-16.975,31.312,-62.884,-154.765,170.166,186.721,-52.257,-83.478,161.387,-163.478,-103.872,102.962,-43.556,-92.831
149.32507394066562,-32.384,21.739,-60.808,-201.149,245.534,143.306,-46.288,-79.224,115.692,-166.036,-115.715,74.255,7.258,-153.165
173.14054221062713,-11.42,29.301,-99.258,-91.708,114.199,175.01,-31.796,-115.592,156.515,-163.63,-102.756,83.266,137.754,-111.476
155.71265588514373,-0.372,49.35,-54.58,-102.377,262.369,158.708,-109.912,-116.57,160.724,-110.451,-118.212,65.28,154.382,-220.559
143.3324250401311,-26.391,16.052,-24.738,-66.069,130.36,155.546,-24.655,-68.532,188.283,-45.098,-120.046,75.052,102.305,27.84
175.60820021143314,-39.795,62.282,-64.295,-175.237,196.379,152.532,-44.448,-53.69,178.951,-91.123,-111.824,84.515,149.148,-188.533
141.95297154352167,-28.205,20.59,-47.58,-171.837,158.67,161.949,-39.649,-24.23,149.907,-141.374,-104.343,65.534,102.721,-82.429
186.16761019120685,7.458,32.516,-87.812,-115.65,175.697,158.742,85.183,-50.249,166.575,-150.851,-114.247,80.859,92.497,-149.674
163.69116967664485,-27.059,41.812,-67.955,-106.16,190.585,190.914,16.453,-105.951,208.948,-114.251,-124.228,73.839,91.855,-74.761
177.86310105998908,-44.733,8.196,-68.19,-98.521,71.829,158.192,-123.137,-130.203,168.653,-208.33,-111.786,85.344,51.351,-59.968
193.33700000000005,-78.007,-77.76,-46.748,-189.163,69.973,162.798,-141.058,-111.864,145.412,-156.033,-119.683,59.977,57.919,-94.402
154.53211601940262,7.719,55.796,-86.101,-5.915,181.218,168.496,-47.686,-142.087,148.745,-187.847,-93.544,67.63,121.372,-59.223
166.776,-15.74,-7.881,-90.592,-100.27,172.461,143.862,-48.954,-96.785,207.608,-200.423,-116.482,79.87,106.73,-93.782
155.2699918084656,-49.05,27.566,-56.706,-210.304,143.592,161.226,-54.161,-102.074,168.509,-197.797,-118.874,78.586,102.223,-54.029
191.0669271668548,-44.76,30.458,-49.138,-155.14,179.547,142.903,-44.588,-73.816,156.766,-102.516,-125.139,75.856,70.514,-105.686
148.4511944467604,-28.391,33.128,-159.282,-119.97,48.433,158.183,-78.912,-68.136,170.217,-124.442,-117.929,71.617,97.398,-92.153
173.85381276605162,-27.946,34.158,-66.813,-137.363,208.831,144.511,12.238,-107.084,164.997,-131.381,-121.482,77.646,33.219,-126.859
174.7070732079383,-48.526,22.004,-45.807,-82.597,166.558,152.821,-62.605,-106.5,178.322,-112.596,-122.581,86.458,76.766,-92.798
145.79996843679925,-34.755,65.766,-58.946,-117.315,188.754,179.846,-110.03,-184.501,167.157,-151.956,-100.88,80.213,95.929,-121.364
165.79088442488631,-78.771,33.948,-46.07,-100.412,197.48,157.13,-67.615,-98.956,151.417,-149.07,-121.7,54.964,44.258,-95.569
175.06900000000007,-35.412,33.194,-72.656,-74.684,114.146,194.303,-146.856,-87.26,167.343,-167.832,-112.86,69.94,15.522,1.103
175.03057095739936,-94.32,36.688,-58.735,-181.052,132.011,158.509,-34.867,-94.674,156.287,-158.176,-124.443,50.707,85.297,-128.554
161.20500000000004,-19.76,37.7,-106.317,-107.188,218.715,164.404,-39.962,-194.616,161.289,-220.893,-121.573,71.85,112.834,-92.026
183.94321007106316,-20.627,24.841,-114.31,-192.376,166.95,155.011,-115.561,-93.317,168.471,-169.881,-121.169,76.231,111.636,-40.814
148.14368774652536,-21.988,57.189,-54.238,-139.753,122.64,170.509,-105.291,-158.296,152.992,-201.433,-125.748,76.853,88.709,-49.783
181.75545230019452,-72.51,29.274,-100.087,22.186,128.674,164.261,-141.16,-156.992,163.54,-117.494,-114.412,83.157,24.42,-73.579
172.42130628161092,-8.716,37.73,-90.051,-88.954,272.169,151.697,-134.586,-101.089,202.461,-122.305,-119.93,80.443,100.201,-93.417
146.2036408168247,-19.904,33.57,-54.578,-54.891,206.492,153.738,-7.623,-32.293,178.58,-124.206,-126.71,76.913,-27.607,-56.147
172.20407668865099,-27.573,38.388,-60.924,-137.375,286.419,113.231,-36.438,-128.154,174.188,-147.793,-113.023,101.278,94.214,-59.263
170.88630356812544,-16.061,33.207,-86.008,-172.088,94.799,153.278,-26.903,-99.377,137.654,-147.679,-116.517,78.744,77.942,-11.92
175.9334201244238,-26.042,34.068,-82.222,55.912,162.898,159.905,-5.493,-157.492,171.275,-161.966,-117.065,75.848,78.778,-78.215
170.41847633792563,-19.788,31.687,-49.435,-169.466,187.558,160.199,-52.6,-63.995,171.274,-176.726,-122.596,84.786,106.96,-155.881
148.38499999999996,-9.152,49.355,-2.965,-137.084,134.838,165.539,-2.128,-13.036,172.031,-187.15,-119.733,84.992,-7.506,-54.351
108.69003105134361,-38.352,38.507,-52.946,-105.816,181.574,154.016,-95.952,-101.482,166.373,-161.097,-109.811,109.666,71.428,-76.28
161.4437444961782,-24.702,35.178,-110.256,-260.618,158.897,156.241,110.367,-84.831,204.988,-123.655,-120.854,99.273,114.138,-84.074
179.33117408842782,-21.374,28.44,-70.864,-71.92,176.3,166.895,-100.396,-106.826,188.129,-184.242,-113.354,73.646,72.077,-72.028
175.78801357717552,-32.857,56.489,-107.756,-19.929,183.239,149.997,-143.929,-116.692,169.927,-145.981,-118.052,89.061,82.562,-101.812
178.76563963937411,4.003,28.425,-53.494,-136.47,203.866,143.752,-103.76,-97.865,204.223,-274.954,-126.803,82.376,93.958,-159.415
167.6044938658688,-25.909,54.734,-67.086,-87.541,157.142,160.656,-161.223,-79.527,169.574,-254.894,-109.137,83.216,87.966,-209.32
160.85306432666675,-39.124,30.527,-89.397,-119.108,180.193,161.327,175.877,-109.89,215.748,-179.318,-86.851,80.667,78.154,-79.504
173.30408259044634,-23.823,10.141,-68.049,-107.012,161.152,156.108,18.722,-93.876,162.977,-128.926,-119.133,84.845,84.357,-79.001
148.63891532730497,-22.77,9.813,-22.809,-66.902,136.745,186.033,-43.232,-240.119,180.581,-140.391,-116.187,77.884,108.775,-20.719
154.43478641980272,-17.718,32.392,-58.574,-139.669,158.76,155.917,-30.555,-72.562,150.189,-134.714,-125.962,80.765,73.47,-74.799
148.79139014505725,-39.03,34.73,-71.335,-231.223,158.248,142.82,-288.632,-82.035,182.447,-167.624,-117.34,79.924,50.122,-77.891
166.6398794952492,-17.782,52.379,-30.446,-165.478,203.83,171.205,-34.606,-81.582,185.073,-301.492,-121.102,72.678,88.735,-86.106
179.15103890052526,-29.174,-6.747,-56.807,-216.776,220.415,167.192,-98.176,-91.553,189.17,-163.552,-118.087,85.239,47.051,-26.609
177.64399999999998,-33.9,15.434,-65.034,-79.127,162.488,161.994,-45.33,-157.145,167.42,-127.873,-130.812,79.859,83.145,-263.022
180.0198132074537,-25.225,64.492,-68.029,-127.966,222.424,170.641,-92.864,-109.61,196.183,-180.396,-119.53,81.005,90.424,-92.318
98.73028611084366,-26.197,44.279,-39.005,-159.938,213.127,163.574,-74.348,-62.99,183.679,-208.96,-127.223,69.304,-70.114,-80.146
179.3990215520294,-32.158,18.609,-58.69,-61.04,153.263,160.273,-36.154,-86.975,179.946,-147.529,-122.281,80.004,81.282,-174.394
167.0823415822352,-49.006,34.92,-65.313,-87.612,155.331,161.551,-74.257,-114.732,150.62,-252.429,-105.878,72.954,88.348,-141.807
181.45501687600378,-31.925,34.562,-81.68,-112.192,13.935,147.073,-40.87,-101.078,185.6,-207.382,-118.141,59.037,82.196,46.092
160.4801925936564,-25.773,23.254,-86.18,-186.536,266.128,143.207,-36.741,-92.916,188.343,-126.168,-117.722,88.729,77.562,-32.935
185.7418734108048,-37.081,46.592,-63.359,-45.122,235.552,150.466,-19.325,-85.222,179.912,-184.758,-128.247,67.65,117.047,-43.935
195.2019494406498,-24.793,56.28,-24.959,-90.096,117.293,191.647,-55.816,-120.901,171.426,-126.294,-121.987,69.443,20.721,-114.417
175.659,-52.627,33.671,-66.062,-135.932,267.105,160.225,-58.921,-112.413,185.188,-139.464,-112.634,49.906,63.182,-70.442
198.42695604764236,-47.379,46.076,-82.831,-155.29,124.148,171.204,-28.872,-137.857,174.563,-123.054,-112.6,76.855,110.193,-48.663
175.57973919984875,-25.073,16.168,-89.77,-73.151,113.908,159.768,-62.167,-90.087,179.609,-90.655,-120.61,75.093,80.335,-52.517
165.47945829784348,-34.777,31.41,-62.409,-140.712,126.882,148.359,-54.439,-105.4,184.214,-148.898,-121.938,77.589,60.048,122.776
215.1040297901762,-46.898,8.485,-34.627,-140.759,170.115,167.08,-52.682,-36.482,182.862,-148.944,-132.489,56.35,72.796,-74.153
123.6833598015512,-4.741,37.093,-62.381,-227.815,167.178,145.432,-90.879,-117.755,169.457,-156.238,-111.981,51.681,38.829,-59.048
137.95667753124147,14.014,17.585,-61.645,-121.39,165.086,157.387,-31.251,-154.219,164.312,-101.955,-114.449,88.909,78.825,-53.685
154.73797384854203,-32.167,70.051,-69.094,-169.137,189.609,161.864,-29.884,-132.298,149.371,-133.198,-122.488,73.45,128.178,-51.366
169.08964040027954,-3.127,60.402,-60.353,-97.393,131.292,160.093,-39.934,-134.917,165.908,-143.605,-104.599,69.751,93.993,8.061
130.26016604622805,-41.264,42.644,-54.037,-111.614,156.818,162.756,83.464,-96.757,97.133,-175.7,-116.196,79.009,104.053,-44.998
161.20138347543946,14.971,38.255,-56.753,-177.14,210.981,160.184,-66.359,-120.282,174.384,-116.618,-95.236,78.11,88.84,-122.778
201.8856142108795,-23.304,27.235,-34.852,-92.459,71.917,151.536,-41.477,-163.09,162.725,-107.1,-127.498,78.765,73.349,-46.691
186.38682841476725,-5.287,48.72,-32.327,-168.868,124.626,170.977,-77.861,-122.683,152.385,-112.597,-118.657,75.507,103.37,-113.315
180.39837947789954,-62.717,33.609,-38.543,-103.655,181.877,167.819,-33.02,-111.129,176.996,-152.243,-94.398,92.423,44.415,-88.211
173.08469817772857,-11.542,35.633,-53.128,-74.478,208.818,149.136,51.052,-94.701,169.786,-137.302,-124.856,84.721,122.512,-78.231
162.93692048163678,-15.574,36.939,-96.259,-81.82,88.726,139.903,-32.778,-80.497,158.617,-168.72,-120.128,93.88,51.211,-78.825
174.10687737042292,-38.676,-0.584,-46.002,-133.842,115.591,148.024,-45.293,-150.577,131.205,-168.907,-123.454,103.904,132.712,42.764
174.7351279042208,-39.128,47.881,-68.887,-78.085,167.851,145.826,-73.36,5.31,176.713,-69.24,-110.119,92.849,68.715,54.492
181.78973578151545,-19.616,47.453,-102.593,-162.633,116.658,138.289,-103.546,-43.159,181.1,-137.8,-118.434,77.89,96.66,-83.901
185.17171144166252,11.656,22.389,-19.718,-198.464,203.114,151.112,-24.782,-138.237,165.856,-145.849,-124.751,90.045,23.448,-98.381
170.998476640955,-21.152,32.724,-61.126,-198.3,163.132,182.657,-30.314,-100.419,172.079,-119.909,-116.446,79.141,120.388,-188.117
174.14387347111017,-16.944,43.617,-127.487,-69.465,116.739,161.1,-45.427,-107.608,169.585,-131.999,-106.735,75.726,89.591,-45.09
165.1486118809293,-30.042,16.345,7.404,-91.553,183.665,160.687,-45.695,-236.771,170.637,-124.832,-107.748,77.974,99.169,-175.688
174.8759414270545,-94.344,13.588,-129.106,-212.884,105.543,158.716,-60.366,-116.953,172.671,-195.304,-119.945,83.842,100.166,-75.681
183.87978829575928,-18.159,34.391,-68.275,-38.607,155.293,136.612,-82.178,-40.478,180.562,-64.381,-103.403,99.132,110.729,-37.622
201.39201370932227,-34.825,29.911,-67.88,-136.025,137.89,180.212,-43.645,-61.455,138.717,-144.933,-121.508,67.87,91.305,-91.95
170.93003083231523,-3.939,40.174,-62.041,-133.603,216.256,149.812,-27.572,-55.798,178.192,-146.397,-115.035,90.908,93.332,-56.603
172.06328432827485,-42.524,13.03,-104.421,-252.211,167.185,163.456,-29.822,-133.349,166.341,-95.868,-124.007,80.955,107.379,-157.928
163.2654264479551,-42.209,46.422,-78.577,3.452,139.629,150.751,-31.286,113.276,160.51,-181.073,-113.338,111.046,153.064,-43.284
162.67891790785743,-31.482,9.382,-51.963,-126.894,76.975,166.158,24.815,-132.18,175.536,-149.489,-131.314,78.77,71.664,-29.478
146.67535483183661,-3.439,37.517,-71.927,-97.423,180.121,163.892,12.266,-114.277,170.486,-135.511,-117.681,78.459,81.243,-42.157
179.57549069111334,-16.489,30.685,-29.574,-159.25,206.012,156.672,-20.766,-106.794,148.541,-133.852,-85.052,81.27,76.31,-168.241
113.29000000000002,-38.865,6.904,-36.698,-286.7,205.438,156.216,-14.211,-149.108,153.654,-152.761,-117.357,75.336,82.453,-68.872
182.35685023646178,-21.066,33.326,-48.446,-115.875,240.402,161.799,-32.043,-183.224,169.322,-86.261,-117.371,77.099,82.667,-58.821
162.2497888231405,-24.401,1.323,-65.022,-128.686,-6.805,169.097,-56.633,-185.453,152.266,-126.287,-116.229,84.392,99.611,-106.609
165.2138269764934,-30.146,31.742,-72.866,-123.171,188.537,168.349,-38.659,-135.505,172.056,-109.885,-119.38,72.014,150.997,-142.585
164.98497716618638,-27.081,47.881,-58.861,-121.854,227.627,163.195,-20.274,-116.64,166.233,-245.342,-124.571,80.176,95.536,-87.598
162.44898428160784,-44.09,48.995,-64.368,-118.19,168.931,172.119,-31.459,-243.538,162.781,-175.277,-121.6,34.732,39.4,-79.781
251.58320172073084,-27.491,35.466,-55.107,-77.306,184.74,157.846,-72.804,-88.996,195.463,-148.035,-127.924,88.748,88.228,14.149
164.86919896274208,2.439,-6.751,-41.256,-264.198,169.922,162.194,-92.892,-109.873,157.808,-135.546,-121.858,105.921,120.708,-50.976
175.4201654746573,-12.542,63.972,-89.819,4.759,146.909,161.932,-54.522,-117.819,176.959,-185.377,-122.21,90.46,7.824,-116.613
166.62126857991086,-26.779,8.757,-119.094,-162.342,220.187,140.544,-6.596,-4.3,134.892,-145.306,-127.006,64.096,63.314,-75.127
150.0557811056301,-37.64,48.359,-46.129,-138.385,93.328,156.398,-8.779,-91.312,172.348,-85.998,-135.652,65.451,102.445,-65.734
158.32561387956892,-18.29,36.405,-27.222,-155.4,75.182,164.082,-46.637,-138.915,157.938,-129.26,-121.263,88.83,77.672,-23.383
209.37508336744406,-26.974,-13.286,-131.888,-32.724,37.026,158.938,-33.941,-97.692,183.207,-103.779,-136.268,69.2,74.008,-116.322
177.76248640883858,-62.849,3.052,-42.813,-186.689,122.964,150.55,-10.038,-56.448,176.259,-123.549,-126.379,65.264,58.58,-66.409
183.82277312292447,-27.849,20.935,-82.278,-146.73,126.277,161.364,-86.364,-163.886,173.277,-127.499,-102.51,82.488,120.697,-68.72
160.12673841969908,-4.892,37.242,7.697,-238.61,199.983,161.857,-44.783,-28.704,179.289,-84.694,-117.274,77.426,34.531,-29.764
166.1856906458747,-48.216,41.019,-79.642,-207.402,164.598,165.955,40.568,-105.918,173.006,-119.01,-117.571,81.16,68.813,-107.402
194.2813375800484,-27.495,69.399,-84.093,-174.517,182.437,140.328,-116.388,-160.152,175.968,-162.175,-121.342,54.499,72.055,-92.137
184.97362601651446,-23.742,45.627,-85.506,-134.705,56.041,152.215,-37.781,-145.478,169.996,-134.331,-128.778,73.355,73.045,-182.191
178.78028381964674,-14.995,35.93,-75.507,-130.912,155.028,153.523,-122.502,-60.434,178.31,-135.197,-119.163,61.678,94.809,-49.407
166.93106046148824,-12.178,29.879,-53.695,-133.858,169.747,149.669,-15.756,-108.518,153.606,-123.376,-109.295,74.581,67.569,-72.858
159.60738888088784,-22.432,64.071,-46.572,-106.89,205.582,156.817,-114.0,-144.7,172.799,-185.576,-111.66,86.663,159.94,-96.329
199.30103500907302,-26.455,12.465,-65.823,-142.467,211.833,167.969,-71.999,-304.879,171.348,-164.768,-134.222,73.673,44.28,-91.517
202.8533848466314,-57.503,45.249,-61.963,-154.14,137.149,156.72,-40.401,-132.763,173.47,-193.044,-112.109,52.496,119.021,-83.014
164.630106173689,-31.502,21.353,-27.247,-68.225,167.803,144.825,-30.938,-172.901,162.635,-141.267,-107.076,64.924,154.211,-66.661
155.48195435012988,-27.197,26.348,-146.153,-140.904,164.857,151.199,-18.189,-111.243,177.943,-94.754,-120.268,87.17,-15.955,-121.288
170.8510556233645,-16.049,38.801,-84.193,-130.896,149.246,153.038,-119.457,-107.856,166.491,-151.198,-112.211,82.732,87.404,-103.061
162.40855053659402,-5.409,28.615,-75.981,-150.937,295.697,176.104,-43.741,-213.428,139.731,-150.011,-125.324,94.117,104.418,-134.253
166.02267156617197,-5.323,18.453,-63.596,-97.727,236.773,204.968,-41.935,-91.699,148.439,-136.077,-99.904,85.55,84.7,-63.833
194.44602348256495,-36.988,33.219,-72.395,-202.552,178.962,154.401,25.603,-107.659,199.398,-133.384,-127.916,71.562,118.665,-98.975
162.19005184798345,-20.518,82.405,-33.387,-141.963,152.372,176.917,-13.157,-109.881,168.797,-183.79,-116.755,72.059,128.894,-90.437
168.90041160246363,6.828,48.606,-60.446,-103.297,154.02,174.854,45.399,-164.911,153.404,-121.436,-112.754,87.502,126.378,-32.76
201.19352333397177,-22.6,41.993,-45.967,-117.877,128.822,153.307,-20.092,-18.323,150.113,-152.182,-122.711,78.957,83.143,-100.057
180.60918216719523,-22.104,25.32,-49.075,-97.838,201.328,160.841,-39.694,-100.223,167.087,-194.981,-116.173,81.675,87.457,-85.255
133.92877652714043,-6.838,34.313,-17.505,8.692,154.851,152.523,-48.327,-276.769,181.511,-139.764,-116.66,48.764,123.286,-45.461
170.41612977568275,-38.009,84.731,-61.282,-88.197,271.853,162.51,-64.541,-134.856,170.443,-148.783,-120.259,77.518,64.813,-31.621
153.78445459895275,-46.315,18.314,-61.406,-112.023,191.578,154.119,-73.516,-152.708,157.865,-333.315,-115.226,89.265,125.168,-104.54
185.38448055092536,-30.255,32.322,-62.531,-121.649,155.353,159.327,19.821,-118.653,132.597,-157.696,-116.919,87.494,123.807,-108.391
158.60675447145874,-30.274,50.023,-33.87,-138.192,170.28,177.792,-47.941,-105.916,179.726,-132.247,-145.578,71.337,49.112,-12.075
180.16208206481153,-61.432,34.919,-61.841,-25.574,180.525,151.777,-14.987,-106.026,144.195,-128.871,-106.082,87.282,105.371,-133.77
164.42051667397536,-58.934,34.659,-85.085,-129.107,204.735,150.213,-2.759,-84.633,167.753,-210.595,-131.17,90.1,91.557,-117.272
163.44518095230947,-21.771,41.533,-53.616,-181.07,180.409,170.732,97.679,-168.319,135.08,-162.01,-117.05,104.875,82.838,-135.661
190.43856544448488,-23.283,40.954,-58.296,-199.695,185.71,142.673,-112.73,-56.86,157.309,-159.508,-119.788,83.483,92.049,-70.538
147.48027343420713,-26.12,26.628,-61.855,-365.973,223.437,173.972,16.075,-99.94,196.05,-137.595,-140.779,70.607,109.577,-95.053
157.30637929878907,-21.677,40.695,-61.199,-165.847,216.739,178.109,-31.8,-55.847,163.714,-169.678,-125.715,77.668,69.921,-47.811
175.99864336066472,-115.626,65.786,-66.208,-100.983,118.891,160.169,-24.383,-99.081,156.009,-164.166,-134.488,47.161,66.647,-98.272
121.60222650234867,-28.824,19.543,-76.646,-201.605,178.511,154.317,-46.855,-122.332,173.247,-87.149,-119.155,108.299,88.286,-96.408
173.69247034322163,-15.473,46.355,-16.67,-87.555,165.208,142.541,-68.563,-26.681,149.029,-174.623,-112.465,97.51,94.623,-88.027
169.3939388333087,-10.773,34.859,-59.721,-143.441,148.871,156.284,-35.313,-65.643,193.731,-60.597,-118.235,85.916,106.76,-79.004
172.96820918149055,-21.996,39.917,-51.636,-189.611,141.134,182.669,-0.352,-160.239,161.996,-208.69,-104.226,50.19,113.764,-86.569
150.44498312252514,-1.735,35.855,-65.027,-109.005,164.333,153.25,-49.277,-143.771,176.449,-150.131,-116.33,80.042,109.171,-98.691
