Response,Explanatory1,Explanatory2,Explanatory3,Explanatory4
102.211,31.858,43.52,46.708,56.005
105.918,2.296,81.886,40.48,109.119
113.419,53.822,70.125,48.571,83.058
109.581,110.976,29.479,60.613,75.283
105.329,116.101,32.626,60.194,144.586
171.823,110.842,25.834,85.44,108.652
122.425,106.293,63.643,78.911,81.74
105.065,31.413,40.249,21.559,146.365
66.732,64.311,104.323,74.889,108.612
99.303,77.626,80.894,54.109,86.867
78.767,48.067,107.724,110.059,78.695
124.126,58.842,90.799,133.5,100.77
91.92,-10.168,55.258,57.5,88.922
142.29,70.915,61.302,72.969,78.903
161.062,3.797,61.657,23.379,98.405
163.633,38.555,26.3,65.414,149.928
96.239,-22.617,65.349,59.749,86.383
56.989,4.265,45.635,72.483,104.668
135.217,71.587,79.685,68.719,108.148
65.112,12.058,93.135,50.555,94.086
96.79,47.401,82.467,136.463,46.55
82.758,14.538,81.955,65.358,106.273
120.195,86.192,51.976,83.989,107.266
57.37,41.837,63.366,37.406,105.747
83.532,22.563,68.867,139.233,144.739
77.725,23.074,75.12,77.128,39.53
136.393,31.123,64.362,119.19,90.095
103.254,14.458,119.855,130.745,113.258
70.016,52.621,75.7,99.133,64.844
88.289,69.837,101.709,46.142,113.606
56.636,20.362,41.019,53.729,121.605
133.992,9.875,78.307,85.196,80.828
81.15,80.428,40.81,76.656,140.361
102.678,51.26,56.55,117.539,60.807
113.853,67.299,83.954,64.384,85.027
112.521,43.863,47.605,101.953,106.069
90.205,47.32,94.645,87.855,104.422
67.049,-2.866,96.603,45.534,59.347
83.458,17.727,56.252,126.558,58.062
55.272,7.844,53.642,55.032,103.089
47.879,86.832,56.368,121.577,135.252
95.908,3.58,122.831,36.019,89.736
114.167,31.625,74.819,81.755,57.443
116.662,-8.82,89.548,72.106,114.07
147.053,13.013,55.773,62.044,85.303
100.02,50.445,39.377,90.441,73.788
50.537,39.72,89.679,42.766,66.662
55.564,18.665,122.176,63.988,99.53
86.421,34.277,37.914,51.923,122.637
91.848,81.044,73.064,103.145,41.752
130.893,70.579,80.479,66.965,44.321
103.987,91.303,71.687,35.629,70.99
62.33,63.355,28.377,44.998,47.953
67.798,76.992,48.121,51.971,77.556
74.756,24.037,56.67,86.948,88.22
62.914,78.905,77.736,93.621,101.523
91.664,32.17,64.319,62.311,134.444
74.702,114.311,77.71,44.443,94.685
79.164,49.531,71.546,130.616,115.683
130.877,21.982,102.833,88.478,38.477
97.279,45.161,55.374,109.69,83.565
50.701,45.406,48.69,35.573,75.097
115.335,-11.557,50.958,33.703,79.049
100.639,107.549,74.652,35.7,55.27
79.115,6.763,27.568,56.484,86.291
63.03,5.024,78.123,22.488,121.383
109.754,-12.89,111.884,60.365,40.067
102.008,22.279,76.069,54.602,76.801
73.314,18.465,87.252,145.915,92.933
108.779,24.831,33.397,45.047,120.824
95.002,64.812,40.099,45.337,71.281
94.631,90.074,39.43,31.65,110.741
153.794,32.113,91.087,104.317,81.102
98.631,93.479,99.74,51.304,86.14
97.196,-3.919,53.144,46.252,106.443
64.283,76.146,109.177,78.83,121.142
61.134,61.559,92.892,80.526,42.812
154.6,96.153,95.571,59.529,89.671
171.399,29.955,61.727,83.804,85.517
79.247,44.266,109.516,96.466,81.905
138.416,65.582,92.536,64.603,82.707
74.414,22.687,68.571,28.613,43.73
94.044,0.909,72.39,83.047,100.759
69.144,8.619,95.132,85.848,104.792
147.708,51.016,27.415,37.999,95.305
73.237,6.561,116.351,105.135,102.609
88.315,-4.316,75.057,41.19,65.333
70.111,60.257,50.237,72.77,70.219
95.855,77.143,106.372,59.375,140.469
151.376,1.935,37.397,43.452,70.506
81.572,44.34,42.447,68.892,85.502
111.079,42.463,49.303,61.744,79.919
82.29,59.748,41.018,90.077,144.502
127.748,61.938,33.41,56.985,102.039
95.235,124.324,80.781,69.298,70.35
96.389,60.102,57.092,64.967,104.581
97.18,51.64,25.578,72.614,104.265
119.913,64.855,17.921,70.141,114.782
90.366,48.125,68.369,101.987,123.941
134.665,75.615,117.097,66.415,83.129
69.635,72.093,94.924,66.523,114.563
98.13,33.697,96.683,28.023,78.029
95.31,6.352,36.616,51.481,109.707
69.106,37.976,37.23,48.701,25.829
77.956,43.681,47.477,60.067,61.691
122.252,111.1,23.269,51.597,106.974
145.543,98.853,115.444,72.902,86.52
74.394,-28.881,61.772,52.63,64.898
87.003,-25.409,65.272,36.594,92.584
139.96,74.918,97.114,98.186,101.045
95.065,86.785,73.74,64.677,116.857
105.58,79.379,89.24,66.295,108.089
129.643,-5.008,48.246,98.184,88.592
88.164,40.82,60.321,98.664,61.083
61.963,59.264,104.697,83.757,87.523
101.052,-14.248,71.566,51.223,107.466
92.734,68.776,60.3,31.211,144.911
143.385,61.126,69.023,53.858,88.655
57.968,3.87,30.392,31.378,94.542
133.222,-12.988,16.882,93.87,71.442
162.667,105.364,77.777,52.213,70.014
71.838,87.741,89.116,115.869,57.095
161.848,64.95,58.788,38.497,61.138
85.629,51.584,73.599,41.698,77.833
69.698,78.566,67.469,39.689,67.467
132.214,19.801,104.049,133.825,103.197
158.406,123.221,50.69,41.144,98.055
78.486,91.968,75.107,53.27,64.814
85.518,51.779,77.322,91.963,125.605
60.414,99.057,77.779,107.914,100.495
153.24,51.18,77.209,89.036,61.594
93.275,61.761,40.895,94.557,79.989
48.091,34.455,40.133,95.705,120.052
158.592,29.884,35.659,71.506,65.343
154.75,59.049,91.644,61.724,102.24
67.918,58.893,72.073,54.048,76.868
76.335,95.957,65.263,94.849,77.126
92.336,40.171,36.828,34.099,47.995
79.651,109.139,17.249,48.032,39.303
112.854,52.929,93.751,42.96,41.339
56.027,99.477,70.974,59.091,31.624
94.001,-10.166,62.06,36.64,102.361
121.841,55.076,51.116,80.724,84.673
56.689,56.555,85.894,58.831,81.403
57.234,79.237,76.831,110.638,53.481
54.133,56.84,68.137,61.47,94.309
147.554,60.45,32.963,62.121,70.656
57.853,70.601,31.671,94.288,135.889
76.019,56.191,114.395,57.551,76.163
93.514,49.17,40.722,65.632,106.694
67.508,54.414,58.776,54.24,106.761
84.256,33.527,37.405,75.148,97.752
148.907,-1.588,31.624,59.402,40.39
144.746,70.972,63.297,70.548,37.982
164.117,68.865,122.008,119.902,83.134
81.373,4.676,41.333,115.861,92.599
69.383,73.9,31.925,32.02,92.66
91.929,-25.806,38.43,49.087,106.334
119.544,66.973,54.951,78.992,64.094
64.975,-18.35,32.691,134.772,132.732
156.41,105.68,85.207,136.429,40.016
75.972,91.152,94.169,62.435,94.681
54.449,23.058,112.84,93.281,53.317
87.459,-3.073,52.53,35.078,115.535
70.052,67.803,32.633,93.724,86.782
108.362,57.85,20.45,69.968,89.287
96.034,21.118,25.017,24.764,65.075
109.928,41.67,65.02,56.227,89.088
88.85,69.171,63.689,74.747,85.475
116.593,-4.133,75.526,138.363,116.863
77.603,116.562,68.669,23.594,61.056
159.425,88.476,99.711,60.628,124.97
82.824,-5.812,29.718,45.233,72.846
154.666,37.182,50.45,125.724,76.622
158.811,48.024,77.708,57.321,56.02
51.165,110.691,130.596,79.083,114.273
89.668,-11.086,105.434,64.665,90.732
57.866,39.551,13.823,66.648,51.015
113.655,45.182,100.921,54.654,51.316
82.264,105.769,41.915,86.022,136.486
121.18,-2.848,114.08,50.806,76.61
158.391,97.094,74.843,66.282,90.308
127.067,17.282,54.753,86.851,110.319
94.418,61.523,96.974,62.281,125.867
124.456,40.192,115.175,109.518,92.846
115.067,75.314,36.229,52.159,90.892
90.545,107.133,109.443,100.865,84.48
85.032,81.425,58.081,79.012,149.698
117.425,43.841,103.287,62.178,69.099
157.347,51.961,65.917,57.075,67.478
100.728,81.336,90.544,140.682,142.139
112.135,110.472,40.648,42.384,106.78
125.091,23.87,37.678,27.518,89.293
92.122,21.498,71.734,78.804,82.285
73.451,88.747,31.58,111.942,54.121
56.299,83.367,61.715,49.118,120.388
128.563,93.439,67.905,89.693,57.491
66.889,45.634,42.834,128.481,95.531
53.747,-2.929,40.996,86.578,116.953
109.722,61.713,40.227,79.727,91.311
117.757,9.999,87.121,59.019,72.386
113.444,106.888,55.065,68.255,68.184
105.965,37.564,87.429,64.718,67.414
141.492,62.899,34.633,39.589,76.298
170.67,74.707,80.687,73.305,54.175
134.035,99.596,47.951,66.44,90.724
77.756,51.631,52.635,49.008,98.393
79.751,3.153,117.333,61.559,82.535
100.744,-5.777,98.252,47.407,68.903
64.246,32.474,40.893,85.485,67.785
88.202,0.567,73.018,103.818,71.736
65.808,88.67,80.465,105.427,96.089
97.544,91.914,50.576,104.253,63.641
85.059,68.793,77.363,74.358,104.908
73.687,44.947,76.922,23.218,96.085
94.408,6.619,63.053,79.092,87.116
73.293,35.0,111.514,99.502,124.402
125.561,-1.554,55.391,136.894,117.564
120.946,56.787,126.321,71.706,59.302
154.185,18.438,76.63,92.794,117.525
98.333,-17.883,79.337,96.55,123.763
97.72,-12.883,28.552,33.089,111.328
53.407,88.908,50.572,80.637,94.673
86.983,84.06,121.552,63.236,43.565
98.145,69.18,35.76,62.522,49.556
69.708,58.473,33.268,39.907,140.559
77.399,14.34,58.801,36.228,81.161
87.426,46.434,86.42,25.989,62.068
98.065,117.22,32.34,36.475,48.977
132.832,42.9,70.177,73.873,96.881
81.161,35.976,103.107,66.416,103.54
144.673,33.445,92.972,65.883,69.226
85.727,-0.347,67.408,68.777,70.547
62.977,-10.512,18.065,94.758,38.593
96.511,8.299,37.39,136.203,43.425
81.946,93.852,86.506,87.903,118.074
114.945,107.373,28.969,136.058,66.376
115.493,32.982,74.638,45.584,83.34
80.401,34.045,16.706,50.045,73.201
80.271,85.411,36.592,29.42,32.344
63.257,59.576,91.936,36.379,155.727
97.499,-3.12,71.309,63.288,70.822
110.573,-6.513,48.281,44.749,97.465
88.926,44.317,60.53,109.363,130.991
89.825,-23.002,54.11,58.483,105.599
84.802,35.993,59.973,80.853,92.427
69.047,31.354,61.915,41.714,38.441
141.419,42.88,76.214,89.044,120.014
78.652,101.309,37.754,72.605,138.856
59.113,10.469,34.375,124.694,63.414
104.816,67.995,78.39,104.643,26.704
108.701,72.716,60.167,35.316,132.665
97.88,53.738,64.875,71.259,80.823
90.084,51.4,64.101,121.982,127.004
139.291,4.045,41.725,146.012,49.181
92.765,96.666,91.012,26.126,67.895
99.952,15.079,91.576,40.637,81.035
68.235,22.541,76.271,97.029,32.088
82.521,115.941,91.59,70.059,82.187
122.566,-0.157,31.487,73.22,118.802
123.001,65.346,94.744,119.094,49.723
58.569,41.736,110.012,104.698,50.213
79.089,20.267,19.139,55.153,51.144
75.194,87.568,107.673,50.643,132.024
104.017,-3.836,70.224,134.893,102.469
138.896,71.094,91.936,57.321,85.389
109.324,66.9,50.963,94.213,96.141
161.411,49.509,61.032,48.077,125.126
97.486,62.03,125.642,46.996,40.479
88.707,86.874,59.733,107.952,119.949
74.083,5.776,14.484,103.299,48.83
70.583,70.993,74.411,104.615,46.245
100.822,94.054,36.523,23.976,77.726
81.026,63.76,25.144,66.879,93.691
96.767,-1.503,56.666,58.64,79.636
150.557,79.476,109.83,38.445,43.879
124.042,91.595,45.604,49.478,127.452
73.27,33.239,69.339,82.621,95.48
117.925,75.937,74.21,54.719,90.24
131.528,31.755,18.412,51.491,111.354
78.143,44.402,30.501,90.89,49.16
96.809,73.718,47.71,84.442,70.076
141.894,51.746,38.456,52.292,76.316
147.154,73.749,74.422,112.86,94.908
128.779,40.031,34.11,93.683,121.955
62.804,49.975,48.015,108.024,40.054
117.56,80.036,65.301,60.62,84.243
83.22,70.098,76.919,80.254,57.547
141.751,36.31,59.491,129.676,57.747
139.128,5.366,22.894,53.446,59.484
117.849,13.507,23.209,49.567,94.135
67.091,42.596,70.199,91.332,69.067
115.998,66.101,74.405,91.985,102.365
92.817,117.097,23.989,100.579,74.188
100.026,28.887,52.779,43.794,63.638
144.096,44.942,77.219,75.996,63.605
106.761,21.238,65.778,80.621,82.696
79.714,40.231,64.976,92.15,44.176
111.775,32.54,63.832,72.533,82.809
117.232,78.226,62.34,101.714,56.665
129.967,25.596,99.45,44.192,87.145
151.171,28.044,43.72,83.843,102.601
95.984,52.333,82.577,98.831,100.3
88.691,109.287,44.092,142.803,99.29
122.64,14.38,41.583,44.663,126.14
81.484,79.755,53.318,131.601,49.51
92.492,53.109,69.876,51.417,80.319
158.522,50.413,23.53,73.715,52.786
132.08,73.359,67.862,49.753,128.967
85.285,27.794,53.256,109.09,108.11
74.161,34.696,28.285,57.246,40.679
124.079,-38.765,68.3,74.081,106.898
91.301,86.817,54.755,51.514,127.348
96.437,76.063,59.6,125.921,93.398
83.354,46.354,51.424,66.395,51.646
79.86,90.489,53.178,74.134,70.004
106.248,9.184,53.635,62.773,72.083
98.733,11.065,39.239,63.918,64.06
142.238,13.974,36.532,30.598,48.582
130.693,10.265,53.417,133.742,153.428
130.045,69.754,83.644,100.988,54.615
97.151,40.059,44.226,96.007,120.894
169.778,-1.082,95.817,139.424,88.189
78.384,51.184,63.957,102.295,100.325
126.623,32.943,78.469,60.671,113.449
113.78,81.24,121.08,113.628,57.611
138.148,65.294,98.732,81.473,86.514
76.633,54.364,48.753,35.617,110.309
78.759,66.068,85.377,74.134,83.796
77.246,-0.507,49.072,48.252,92.999
119.783,-1.887,60.53,75.533,83.51
151.483,48.203,67.834,97.815,89.38
148.153,46.41,87.523,52.766,82.441
86.719,56.755,60.036,136.976,111.958
87.448,73.035,60.589,117.797,90.179
164.114,81.341,51.204,57.821,125.524
72.233,40.629,66.318,107.282,99.223
105.09,68.283,79.467,68.038,121.75
101.453,46.854,37.548,73.431,72.348
127.425,117.562,101.544,26.852,109.561
83.944,50.976,106.813,96.544,117.256
165.846,52.101,99.317,86.125,127.453
112.222,38.662,52.899,126.125,66.93
67.674,58.531,99.854,38.865,98.836
100.275,91.947,89.083,65.25,82.123
73.468,84.174,40.048,34.31,120.079
72.86,66.467,84.933,88.512,71.443
71.59,11.153,43.94,36.466,90.781
144.838,100.138,21.365,57.713,99.752
76.391,102.144,12.303,69.613,83.813
90.287,29.3,46.223,83.313,79.02
127.867,52.757,56.437,92.717,136.646
126.011,101.024,65.33,59.493,99.731
104.82,5.627,105.823,55.449,120.849
74.016,128.456,46.251,102.872,135.702
123.273,51.783,51.027,67.447,123.483
103.52,33.459,45.497,23.437,87.114
56.444,76.835,112.105,107.976,59.066
106.005,-16.444,63.571,131.537,115.581
111.575,1.217,28.852,108.668,50.773
53.44,12.803,94.619,69.567,53.148
88.61,58.814,45.811,105.432,75.491
85.662,22.211,79.127,103.057,130.114
136.555,53.243,40.716,35.815,71.236
71.231,84.803,45.205,38.026,92.68
78.011,91.51,99.227,116.158,94.913
140.323,68.903,90.894,92.335,43.271
136.671,74.869,35.702,39.163,39.492
108.096,-32.539,69.814,43.111,105.823
83.169,72.745,68.78,119.546,46.406
141.899,14.416,13.746,26.261,101.971
80.611,45.431,15.609,97.416,39.863
67.224,64.673,55.482,73.014,146.517
94.856,72.197,44.178,30.211,79.525
139.986,-22.62,56.288,71.292,97.403
101.879,117.313,37.838,76.553,87.029
138.076,73.513,110.151,28.773,89.216
76.267,78.445,53.942,48.834,123.917
87.519,27.204,71.88,62.252,73.329
54.665,96.247,104.211,86.856,143.957
89.07,67.224,64.024,139.83,45.435
117.602,114.064,55.962,74.71,53.149
91.383,13.209,23.748,77.474,39.856
73.22,-18.032,54.154,55.862,75.147
99.556,23.352,50.69,85.39,39.075
113.794,-11.849,118.538,117.638,132.158
78.585,116.126,97.821,59.972,134.156
63.682,8.021,14.857,95.812,104.811
86.572,24.689,75.8,45.956,68.742
60.875,67.294,36.342,117.709,69.56
95.911,48.142,54.031,117.193,65.412
70.541,55.272,83.008,124.168,76.773
126.537,17.041,39.772,63.897,55.855
153.1,27.013,28.378,67.664,60.453
125.779,83.839,46.278,38.48,80.869
72.125,54.79,96.039,53.484,26.497
86.601,71.624,36.54,52.035,110.686
118.042,118.375,115.811,78.642,125.228
89.161,111.43,54.103,115.064,93.667
150.254,94.344,61.836,116.788,98.545
60.358,97.427,95.048,83.901,81.915
80.8,60.212,23.765,115.331,43.025
87.906,43.86,69.526,46.488,117.689
97.177,1.568,42.256,106.19,54.698
70.391,53.374,110.332,58.027,63.643
155.9,20.604,45.521,115.01,81.124
77.232,10.306,72.14,40.659,107.13
118.821,-30.827,85.778,86.352,74.048
161.307,21.139,95.135,122.211,72.805
143.476,-1.921,84.819,54.137,101.943
96.134,61.18,27.216,94.623,122.389
102.574,28.848,83.979,73.358,42.545
133.073,50.016,125.778,90.687,76.512
58.171,34.832,39.095,118.829,95.738
153.811,91.934,23.975,143.808,120.555
84.552,60.236,119.97,81.181,128.618
111.373,20.16,69.929,96.506,54.278
123.694,16.967,16.225,21.379,50.431
53.447,-2.929,70.128,81.408,48.646
143.069,85.609,75.326,110.711,97.094
124.243,59.513,103.87,106.164,75.126
77.906,51.217,88.711,90.269,58.549
112.69,75.168,57.782,51.106,72.307
87.189,54.813,41.379,71.664,79.578
82.531,26.271,32.553,54.42,75.489
133.68,60.639,73.24,28.045,101.323
67.774,-35.402,78.798,132.325,119.725
154.698,28.621,78.318,41.139,73.391
67.912,72.059,47.075,67.619,78.482
91.322,103.097,110.468,47.243,140.304
67.467,74.167,67.527,110.804,76.974
61.016,62.009,99.497,56.758,83.781
64.017,30.648,60.157,65.617,133.529
78.028,53.155,74.418,62.318,102.235
116.616,42.398,31.419,50.606,69.717
129.436,85.736,75.685,122.363,45.34
67.246,34.571,38.172,115.95,35.015
81.797,60.159,72.425,107.75,53.453
69.108,50.88,81.037,107.976,68.194
88.411,49.683,62.662,19.93,53.347
97.304,114.962,53.265,124.757,48.133
131.911,5.446,41.421,92.377,102.084
129.958,-18.023,102.127,101.941,112.628
135.819,18.16,79.042,22.415,90.465
82.97,49.034,39.426,68.237,91.853
106.765,35.633,114.997,60.985,91.692
95.66,42.511,54.609,52.365,81.471
97.554,-1.717,70.567,81.784,99.203
130.061,94.194,71.72,73.458,59.911
126.453,74.926,81.854,76.956,104.147
99.964,40.727,27.711,110.885,88.851
114.351,36.739,42.308,68.417,59.41
101.038,54.077,66.904,53.884,67.35
81.647,71.315,24.64,97.956,87.892
57.503,54.977,54.342,57.319,142.609
85.546,8.894,46.622,53.861,113.784
90.161,64.139,38.02,92.829,73.625
134.448,34.625,53.363,83.917,68.882
131.683,-17.977,77.826,39.187,66.259
63.561,55.697,104.121,43.88,95.425
82.949,90.646,125.3,95.889,138.98
102.494,53.13,91.853,89.649,47.558
93.461,20.194,102.669,47.237,73.901
70.019,10.516,52.273,122.752,111.212
146.622,35.792,68.255,81.704,109.055
89.913,73.925,79.231,83.125,127.992
150.737,43.063,47.835,49.594,75.815
63.877,49.577,93.263,64.562,35.222
147.687,-22.347,98.238,61.211,107.395
96.755,25.117,70.145,64.546,105.201
137.125,102.171,44.738,106.575,88.253
75.87,74.032,100.131,132.167,111.871
148.47,34.994,94.318,37.415,79.907
156.726,60.667,87.161,49.53,24.101
97.223,55.136,92.737,62.292,34.354
78.209,73.135,62.585,84.267,131.645
91.706,42.98,65.306,104.314,113.237
122.808,84.037,84.179,79.231,55.27
160.65,71.025,109.079,139.334,95.763
79.821,54.401,122.725,102.261,104.681
82.166,51.534,73.161,72.893,101.39
60.296,83.904,121.627,58.164,103.612
76.954,84.969,130.618,132.082,54.409
83.665,-11.787,84.09,49.889,36.982
142.917,9.729,25.206,71.76,50.465
78.511,64.748,104.69,79.259,108.177
129.566,61.418,79.162,127.397,95.276
147.974,83.717,81.133,41.26,62.317
60.337,66.817,82.172,91.727,83.944
66.483,8.377,98.283,46.295,73.117
80.856,86.318,102.163,22.012,87.662
95.028,-23.087,47.148,43.17,74.184
78.534,36.038,28.422,103.1,127.164
83.144,-9.938,63.374,21.693,83.152
101.318,68.359,74.948,49.362,52.897
100.021,49.113,60.939,87.562,116.545
111.504,61.503,109.661,69.019,58.88
104.559,97.017,45.362,65.69,119.974
95.215,51.517,46.563,83.409,53.082
82.383,60.458,44.189,49.576,120.151
91.059,-0.574,55.952,54.466,45.873
111.893,57.586,39.648,43.181,78.83
86.178,54.237,34.715,46.443,87.34
105.969,68.602,103.636,88.557,53.058
59.376,56.904,47.665,63.642,98.536
94.749,23.914,73.665,73.853,105.275
84.032,55.009,71.558,78.812,59.284
74.535,108.215,84.466,101.106,58.64
73.487,13.381,15.316,112.428,81.781
70.172,105.479,75.931,54.867,57.251
82.955,-12.036,106.155,116.479,71.13
117.272,73.615,48.957,85.218,156.844
122.897,25.39,41.159,65.219,50.049
118.028,26.428,85.256,53.959,88.416
89.494,59.248,87.699,72.207,67.385
110.895,39.114,104.327,55.49,100.674
156.162,11.066,38.147,21.942,102.833
69.234,64.125,57.905,38.249,89.511
96.805,4.946,94.308,67.637,112.827
120.217,6.068,47.031,76.38,36.215
144.166,57.908,60.426,48.954,125.702
63.934,109.578,106.895,44.461,78.112
80.55,23.182,64.609,131.229,127.636
106.715,48.697,67.251,38.51,33.285
107.979,49.598,74.502,37.239,108.022
143.28,106.577,47.359,92.18,66.456
82.01,67.154,47.874,111.236,73.282
162.54,58.787,94.803,35.578,113.201
72.299,30.179,100.375,79.013,87.899
104.247,50.362,54.527,56.851,90.488
127.317,110.953,32.651,23.626,133.558
119.434,57.863,45.817,64.75,143.804
87.91,38.568,76.969,96.862,99.781
81.92,59.776,68.076,56.683,59.615
84.951,86.154,65.856,56.48,54.055
114.726,81.669,102.54,83.996,111.216
74.227,41.478,64.733,89.659,76.49
76.976,24.606,50.205,45.354,153.455
130.401,39.238,115.506,26.435,36.101
80.717,70.598,98.361,43.186,79.396
92.976,116.105,91.089,67.772,65.817
115.916,96.897,82.654,101.575,106.657
61.939,-0.626,49.354,52.222,100.088
94.515,54.728,89.263,96.844,89.88
81.183,111.981,59.822,91.787,126.787
87.613,24.303,107.17,78.076,49.578
108.024,-15.333,86.492,106.057,120.989
53.228,36.502,72.338,82.602,77.891
90.409,122.639,104.637,37.33,54.373
158.529,12.539,48.473,58.348,81.028
55.424,6.636,73.747,70.134,96.541
74.156,107.296,60.559,50.28,96.866
125.241,27.479,68.607,80.74,31.239
89.463,65.5,20.209,64.846,41.077
143.859,-0.723,74.685,68.009,39.173
85.856,77.792,88.096,134.995,71.499
80.48,1.743,66.74,43.076,78.661
94.247,19.524,26.989,134.602,101.209
80.528,21.639,51.285,81.763,83.198
72.279,53.118,53.535,46.169,48.677
133.87,116.278,86.011,84.791,65.331
139.43,10.771,65.554,108.921,69.382
164.629,120.54,86.131,139.475,68.068
92.551,67.954,51.949,35.777,102.277
103.676,31.024,111.03,51.057,100.326
98.714,23.811,114.957,52.537,71.984
84.135,66.328,36.541,52.369,92.494
77.794,61.59,82.839,89.018,137.909
52.969,55.553,54.246,85.274,70.018
83.51,6.449,55.194,70.784,115.794
151.836,24.721,113.911,66.067,148.636
63.206,53.015,88.52,46.692,84.431
77.429,82.729,100.099,100.972,62.791
128.107,56.123,58.819,63.238,64.243
108.42,-14.583,65.786,59.436,69.382
128.238,41.482,90.784,107.585,85.721
66.123,38.535,32.089,62.987,106.272
91.16,6.505,37.375,87.023,90.279
131.119,-16.61,67.963,77.529,71.929
129.022,44.509,13.845,82.882,46.646
153.654,82.37,59.179,41.625,62.125
92.872,62.017,100.954,68.02,65.422
108.139,68.031,52.26,32.375,142.982
83.487,113.79,103.973,50.077,96.075
63.729,60.92,115.156,36.026,122.328
46.013,13.336,73.142,83.4,118.526
104.481,4.325,115.635,49.223,94.059
81.008,27.382,44.398,81.386,98.314
84.89,-19.271,58.437,78.146,69.467
103.621,65.299,68.461,26.238,61.969
91.771,-11.646,121.005,69.181,36.992
97.82,115.614,123.808,66.782,79.266
87.78,51.192,60.391,103.347,90.374
56.845,40.834,40.393,40.027,70.834
82.573,-9.834,90.016,68.02,45.809
137.395,30.55,76.314,130.934,118.7
113.023,71.996,70.655,85.59,37.581
54.401,93.859,70.436,55.268,122.012
72.212,11.176,103.348,113.864,130.678
141.352,40.875,101.209,99.558,129.194
112.841,46.201,83.685,113.014,93.523
132.547,71.99,50.229,74.072,82.94
105.819,25.929,112.677,96.351,132.078
67.068,66.298,45.434,103.698,115.002
48.922,64.449,70.807,129.949,69.932
64.151,-13.81,49.621,48.268,103.14
71.618,54.882,49.097,58.166,60.502
131.133,115.558,83.485,45.694,130.665
96.062,11.948,40.182,105.442,76.662
114.19,95.552,63.015,42.746,53.072
132.947,49.387,28.427,69.467,69.275
127.267,6.027,87.733,80.121,102.065
145.448,30.656,35.568,70.117,76.305
93.148,72.643,28.596,43.431,142.994
172.642,55.165,52.708,130.571,120.432
128.693,81.55,28.508,52.789,113.321
151.82,85.485,106.608,70.962,72.966
125.822,63.066,86.157,53.894,48.797
76.748,91.919,35.205,75.6,68.653
79.518,-13.224,14.86,64.312,82.105
120.232,2.974,32.128,46.776,115.458
54.391,107.174,66.836,58.737,92.025
125.775,93.9,111.984,19.161,65.098
84.708,42.326,66.236,83.474,135.535
136.91,33.598,55.534,52.797,124.349
86.7,49.722,72.639,62.641,88.25
108.158,13.371,75.879,55.568,89.203
69.303,44.507,76.348,99.68,105.204
171.085,43.56,69.107,71.016,131.459
95.4,74.509,27.965,79.708,88.707
55.741,48.364,47.321,70.569,96.333
59.668,28.974,21.249,76.501,105.192
97.632,43.103,79.48,100.135,85.29
66.064,42.25,76.153,108.131,101.61
124.067,21.8,44.078,35.641,90.338
119.768,50.607,53.521,74.662,71.554
60.609,58.472,77.592,118.057,113.586
155.292,57.347,38.26,68.488,135.324
122.973,68.03,114.572,66.781,125.158
84.018,2.158,39.965,45.971,124.81
123.933,13.471,44.492,115.597,144.115
167.02,10.873,88.007,57.653,71.936
80.95,-21.485,34.611,48.604,99.402
125.264,35.985,72.718,81.633,89.611
68.302,104.675,99.629,88.042,81.029
51.759,107.091,111.949,75.805,92.921
88.491,77.957,109.161,72.48,61.109
64.888,119.192,94.801,108.086,149.676
134.944,50.565,51.759,73.73,106.777
172.315,101.919,84.488,40.056,95.791
74.599,20.862,102.032,47.358,114.096
106.629,7.565,56.587,73.712,104.678
61.409,9.861,31.368,85.338,58.436
91.289,13.194,72.56,85.644,52.628
156.029,52.971,33.803,59.109,127.279
100.113,2.012,90.671,146.505,44.205
156.122,38.59,84.302,101.493,130.088
79.48,35.613,65.285,23.792,93.039
62.196,87.28,60.621,84.656,55.877
80.626,49.845,99.009,51.13,93.63
58.921,55.921,58.507,82.54,62.547
98.536,20.349,77.995,96.182,135.272
70.092,94.741,77.881,69.739,70.658
61.964,59.207,52.564,124.389,78.455
78.379,65.229,26.848,70.745,90.748
146.034,42.582,117.396,128.776,65.661
101.36,60.033,111.625,72.115,89.334
154.573,30.008,102.666,58.259,95.442
123.3,-20.217,75.793,83.195,102.958
130.136,39.069,64.435,103.157,80.906
164.022,50.769,57.194,57.168,138.307
158.679,70.459,45.886,94.733,75.238
112.948,11.103,29.919,105.95,113.757
128.156,-16.971,97.818,41.016,55.55
71.219,59.522,46.301,119.611,110.172
161.686,63.282,107.905,45.336,63.156
109.611,54.386,77.613,142.107,96.088
136.114,78.312,71.737,88.75,33.594
97.583,49.674,37.105,57.767,118.662
108.738,30.023,70.037,66.681,88.145
109.816,46.753,83.402,49.25,83.089
136.713,29.113,41.939,74.166,96.982
88.926,39.107,101.621,69.005,125.342
133.228,29.477,58.98,106.807,34.448
88.388,66.363,53.246,62.762,77.273
76.018,56.508,65.926,47.478,65.328
117.122,63.531,54.688,44.86,45.431
56.072,-2.8,83.248,70.722,86.88
117.547,-11.31,99.55,94.307,107.633
95.085,34.174,56.654,78.728,114.234
72.818,67.746,115.591,55.787,89.739
84.779,-21.169,37.468,101.68,104.038
105.135,1.723,72.447,57.304,100.945
148.458,53.583,35.728,66.661,78.766
102.979,3.112,115.043,58.77,129.231
145.245,37.605,100.081,69.219,142.147
80.029,93.409,57.655,95.978,68.455
75.172,-1.575,78.86,42.347,104.154
97.978,-26.214,57.701,142.983,123.94
73.333,23.684,51.972,76.952,47.446
69.791,76.595,59.751,42.161,86.797
67.631,75.573,35.481,98.279,51.205
120.595,13.846,35.376,90.523,37.324
77.49,58.007,42.712,102.598,102.627
100.399,39.036,75.72,40.002,114.205
118.512,37.018,103.596,23.246,71.818
151.298,18.783,43.445,40.163,86.466
56.339,0.868,58.027,68.625,110.118
156.223,69.808,87.84,75.748,65.033
122.411,58.739,26.24,69.209,92.071
128.983,47.436,92.632,60.696,90.857
94.393,43.9,112.695,86.646,110.181
76.47,34.62,88.121,67.196,62.537
80.425,35.077,85.199,100.496,64.859
84.86,76.681,70.554,148.414,98.742
58.896,98.495,58.674,68.089,65.288
160.605,89.009,68.71,116.492,134.855
84.936,66.305,50.215,47.062,91.338
143.027,56.267,30.789,86.16,122.529
112.894,-26.602,106.523,129.427,80.802
83.857,45.255,47.5,64.563,56.165
123.694,70.721,53.384,43.13,61.446
78.741,61.691,63.899,59.867,48.442
157.862,92.348,21.162,45.435,63.571
78.14,71.986,50.301,37.065,137.031
119.504,74.894,66.269,101.564,68.682
126.12,-1.262,67.691,89.398,65.653
72.968,73.822,113.181,115.028,126.584
91.951,90.372,68.989,62.294,84.508
99.305,-10.19,71.566,41.95,94.046
48.361,64.606,50.316,40.637,51.667
71.705,74.317,69.582,140.458,76.142
57.137,67.817,126.352,68.883,82.762
74.499,114.351,113.506,41.401,123.313
79.531,60.532,80.512,133.937,100.972
147.918,54.602,106.477,37.545,144.941
149.389,41.631,13.051,54.467,78.237
106.302,45.191,41.228,38.189,58.976
90.114,4.802,107.393,81.205,103.906
64.068,50.681,43.017,79.005,77.673
102.378,18.452,70.28,116.526,109.663
169.553,85.748,62.31,83.181,76.408
133.078,-3.898,15.771,105.74,83.235
124.886,117.409,58.359,119.541,59.52
104.758,40.127,38.872,91.651,104.875
105.387,95.107,76.976,47.628,78.562
68.799,22.551,97.355,89.027,85.391
101.364,55.586,41.159,65.378,122.338
101.037,92.309,64.443,122.887,83.679
109.107,72.608,71.647,98.163,32.811
74.218,54.357,73.135,52.653,108.117
137.436,62.074,60.436,74.677,67.072
63.023,92.119,61.022,68.935,63.156
77.13,36.934,64.284,47.669,49.052
99.278,24.924,56.826,46.842,59.515
113.943,19.828,89.597,89.858,74.118
47.953,-16.689,56.892,35.568,105.189
96.688,94.764,30.317,58.064,70.202
173.314,-4.684,43.384,107.476,51.105
101.434,46.916,90.643,34.691,113.644
102.778,23.54,65.921,108.153,55.791
95.6,-36.659,83.415,78.313,86.104
127.31,49.291,87.649,111.976,93.289
98.833,-2.734,49.469,59.479,100.386
92.783,99.083,96.093,119.317,94.668
106.63,23.304,85.704,137.756,52.024
119.842,93.482,72.345,43.134,53.746
88.77,49.068,45.031,110.291,34.942
113.901,81.815,52.665,87.886,95.422
128.914,36.752,44.002,48.442,83.243
77.137,24.763,36.453,36.977,79.36
85.364,122.777,86.996,104.576,44.374
132.59,14.898,129.737,41.315,62.452
142.151,84.966,34.766,71.893,52.522
69.778,70.326,60.819,99.758,45.461
124.183,50.795,30.212,55.8,113.484
82.025,40.658,53.006,67.606,87.1
68.23,-17.177,99.175,107.687,70.314
90.363,-21.913,88.098,70.282,113.02
103.36,44.998,22.472,105.415,70.406
95.106,71.943,95.912,53.207,97.569
117.957,73.752,65.197,28.946,120.819
111.489,44.439,65.449,77.887,118.636
113.095,67.922,62.947,52.953,108.702
71.746,42.617,100.063,21.836,144.218
110.281,29.988,46.079,45.562,66.352
94.914,17.529,106.378,121.085,118.871
109.353,64.193,28.417,109.982,76.177
101.07,21.394,120.144,35.543,76.769
87.993,54.281,64.313,136.029,34.38
83.166,68.735,31.387,35.436,59.545
56.579,75.044,98.465,130.129,87.753
109.657,8.784,57.257,66.609,74.884
95.162,35.04,70.759,53.521,89.527
87.751,78.305,61.015,95.979,68.912
127.338,79.578,92.083,101.626,133.655
68.073,106.006,79.214,68.977,85.1
66.486,11.202,55.387,99.919,91.909
157.48,48.729,43.863,72.997,73.105
62.635,39.612,50.175,51.383,98.614
82.589,-1.068,26.676,25.569,71.533
129.884,67.255,49.647,70.084,141.943
76.33,38.271,95.782,47.056,108.226
115.905,-6.387,90.767,42.413,82.18
76.772,35.088,42.294,82.22,106.702
131.982,37.852,98.51,103.703,108.086
147.558,73.153,101.812,87.086,120.713
93.329,14.424,78.278,106.459,78.532
130.896,15.421,52.981,101.058,36.75
106.797,-23.974,109.958,69.004,77.95
83.911,31.707,84.884,57.448,51.25
90.561,17.628,56.318,117.686,93.485
61.651,49.582,84.317,65.647,133.296
72.066,71.532,35.617,57.85,84.883
101.678,64.616,12.692,62.032,71.282
95.268,36.53,49.542,68.816,136.54
102.333,49.044,38.536,118.634,100.634
107.18,0.428,68.498,49.201,151.253
142.776,60.117,24.838,93.07,116.341
78.025,29.368,61.882,49.952,127.482
69.277,22.553,79.334,60.787,77.375
127.68,-11.989,76.446,40.959,73.106
75.048,76.94,67.809,66.334,106.044
74.108,27.469,67.476,70.588,106.162
106.191,93.753,69.288,70.486,60.246
118.533,10.941,95.766,52.746,92.14
53.493,39.697,16.649,42.897,113.556
79.323,9.223,76.58,109.279,44.86
101.727,57.465,109.078,33.18,69.676
62.605,-34.236,59.024,38.062,105.369
118.331,101.237,93.542,41.957,68.642
64.765,-31.615,59.399,97.224,97.949
72.34,12.117,36.727,64.175,150.381
56.854,75.265,19.254,53.905,125.075
72.778,25.038,103.52,53.965,64.705
74.714,-6.701,105.817,101.648,130.822
89.02,101.101,47.826,71.956,115.637
125.152,56.165,59.662,56.051,79.788
144.424,122.889,99.003,130.497,83.488
83.679,40.216,61.363,82.956,73.22
115.615,28.963,64.448,120.285,89.179
122.263,87.363,34.243,98.693,63.305
118.366,46.1,66.776,101.99,76.101
124.005,83.972,45.383,31.386,85.398
72.268,22.69,34.499,52.614,143.251
93.137,19.456,91.513,116.817,41.382
75.414,35.202,36.352,112.719,78.843
55.614,35.707,50.269,49.135,87.055
76.552,86.106,32.454,87.544,86.51
156.36,1.617,44.927,49.11,114.638
99.203,54.587,42.493,94.877,81.442
70.73,115.459,59.8,66.13,34.034
90.599,88.476,74.897,87.135,145.279
71.284,81.319,50.936,50.117,71.009
132.517,-13.01,59.816,62.777,59.126
87.917,81.623,88.369,86.501,105.377
73.924,73.458,95.314,43.241,83.053
124.463,75.453,61.848,51.549,73.736
72.354,42.533,90.802,142.695,71.188
110.458,48.086,65.86,118.763,94.586
89.956,8.026,64.721,44.562,72.388
95.574,29.751,76.384,76.684,116.473
65.249,66.045,72.856,84.871,127.524
76.25,58.381,21.294,78.843,135.145
127.915,70.996,107.71,98.563,71.076
98.42,77.555,56.739,76.414,115.732
100.657,24.289,28.034,52.459,88.193
79.933,69.637,80.629,100.729,127.71
59.204,30.488,56.732,69.525,135.199
74.504,105.6,73.507,71.872,83.016
130.81,32.115,52.928,86.611,105.98
59.528,25.012,116.175,54.053,61.001
58.386,52.502,85.094,66.811,49.766
120.523,18.641,58.42,62.964,69.02
76.352,51.966,25.926,63.224,110.355
72.529,17.333,22.552,84.963,124.872
127.982,93.742,38.669,131.051,39.974
96.85,66.428,11.926,56.298,115.864
105.557,0.959,64.478,135.131,79.713
54.63,-26.158,57.405,68.498,88.265
83.335,25.781,46.154,97.939,74.864
89.61,11.149,108.999,92.353,54.887
98.556,46.071,75.106,143.901,67.298
129.218,61.788,83.883,56.208,100.225
119.406,74.318,76.069,54.98,96.311
64.923,36.917,78.127,50.35,59.537
85.921,106.732,118.232,87.162,137.957
131.129,10.788,29.902,58.664,66.367
86.611,92.307,77.873,118.839,100.643
132.32,13.239,57.497,60.923,144.297
89.686,71.25,48.845,89.403,85.661
130.056,60.226,67.132,68.506,84.977
88.684,81.235,75.829,112.265,142.402
78.189,38.566,47.05,81.887,134.144
95.628,78.913,25.425,87.044,85.921
124.172,107.667,60.357,118.67,98.16
144.043,-14.706,60.745,46.304,64.02
92.033,24.949,61.61,26.81,85.472
153.69,16.434,78.347,51.841,77.05
100.568,16.424,89.758,77.314,54.845
56.501,70.897,84.689,112.052,101.719
166.752,32.966,100.648,67.149,82.569
133.951,77.48,56.415,57.48,118.435
71.869,88.032,93.06,71.589,112.751
76.735,-0.246,46.338,103.194,93.685
131.75,-24.027,60.281,70.808,96.335
92.552,16.165,70.154,66.717,53.622
116.945,72.745,42.235,69.18,59.742
163.727,-26.886,99.446,59.588,80.992
140.908,6.555,76.179,96.005,60.351
129.756,50.251,63.02,36.472,86.523
70.159,67.533,68.363,55.844,90.964
55.763,11.408,89.723,79.276,103.141
103.435,13.496,28.137,128.875,142.168
108.434,54.911,62.2,102.292,64.284
83.442,31.101,35.171,62.664,42.926
79.902,71.718,58.761,75.264,82.475
55.007,19.274,59.201,127.276,125.869
113.261,-3.775,66.757,63.316,117.543
101.18,98.02,122.094,103.056,82.912
101.815,18.939,39.567,113.22,55.184
94.193,61.033,89.454,123.865,48.117
69.538,53.189,63.016,105.824,69.245
73.625,56.295,71.576,54.713,90.743
73.054,78.651,26.116,94.684,86.655
102.057,63.274,119.661,109.623,120.861
63.24,40.438,69.973,54.59,103.578
141.451,15.078,79.559,104.709,87.839
100.62,80.575,31.435,122.656,61.393
63.595,2.637,72.052,67.794,87.447
127.213,101.559,30.853,84.162,135.378
49.977,75.217,68.074,62.27,142.441
99.158,59.767,98.102,21.417,75.107
149.441,27.809,97.914,45.75,130.071
142.74,101.36,15.042,109.496,57.132
150.411,26.162,90.548,119.816,108.145
168.964,69.278,59.135,146.287,82.735
117.505,9.537,108.083,135.982,71.361
95.428,44.411,80.623,98.769,71.448
106.817,-15.572,67.264,68.258,97.85
106.277,107.463,79.274,104.379,93.331
81.227,-16.601,63.5,60.913,128.101
80.926,-8.555,80.094,55.205,63.188
133.596,85.988,90.958,49.988,60.254
78.907,21.985,93.216,82.274,82.207
72.461,67.588,45.938,71.116,65.046
70.32,82.098,78.185,122.15,30.193
133.711,126.179,81.402,106.147,78.305
74.405,31.879,38.065,88.994,70.274
134.624,-7.119,39.064,33.731,122.051
90.298,44.656,41.653,76.503,72.603
111.762,102.191,47.341,77.348,76.867
107.192,24.874,67.632,29.388,107.576
79.303,37.639,40.612,45.72,81.642
77.24,10.515,42.883,63.296,79.062
102.92,15.314,73.52,26.998,95.308
131.688,85.789,96.684,53.074,77.776
106.801,99.25,29.916,43.059,42.021
158.419,65.68,48.648,91.225,121.078
85.981,42.864,114.876,78.05,144.426
105.416,35.982,36.523,33.511,78.094
86.326,70.721,43.798,58.17,73.671
138.966,66.81,60.626,89.481,76.63
102.338,34.006,132.409,70.779,94.691
163.573,-7.854,59.388,86.499,53.033
126.013,50.709,68.963,99.88,99.404
155.529,97.565,55.277,42.454,56.931
106.079,61.741,51.549,25.557,97.008
89.36,15.068,21.318,86.674,55.405
80.209,57.796,29.085,79.244,72.271
108.597,29.533,25.049,89.975,43.955
99.114,96.271,61.714,58.648,54.041
79.57,46.87,92.845,61.186,69.652
92.465,45.173,42.732,50.552,94.305
102.188,63.236,57.196,72.678,119.209
77.829,34.301,102.201,50.51,130.662
128.308,111.42,84.96,72.287,123.518
139.42,-16.376,52.261,103.051,73.148
110.818,38.491,67.881,123.542,125.194
72.655,24.755,82.566,114.505,85.153
126.398,24.267,83.744,116.221,84.473
67.076,31.533,29.037,82.261,109.129
159.175,38.556,64.729,44.377,154.425
112.917,113.852,39.115,59.11,92.46
81.626,18.014,84.242,79.276,78.657
80.431,22.84,115.927,42.985,139.681
83.721,120.726,52.984,27.601,120.938
84.482,42.737,26.55,80.053,76.391
98.847,25.784,43.82,30.608,55.916
72.837,94.28,79.936,51.132,81.029
78.081,41.746,35.782,77.184,125.263
119.971,113.559,63.397,22.389,90.714
73.967,72.49,48.026,137.295,134.383
76.032,39.973,95.526,50.245,100.476
65.827,62.596,78.642,135.708,62.159
109.968,57.561,100.838,98.383,41.926
74.385,23.2,128.086,101.481,50.51
173.986,18.33,83.273,110.303,128.427
131.964,10.702,111.964,36.548,59.818
161.217,41.988,116.118,71.251,115.504
109.999,82.51,49.169,63.073,148.433
114.21,34.308,80.929,56.8,121.167
133.712,56.183,56.842,72.102,62.723
81.829,72.149,65.006,50.343,41.663
125.704,15.402,107.713,88.115,60.099
141.034,66.551,88.742,94.829,89.338
78.492,11.07,71.968,60.305,115.686
86.479,73.274,57.494,64.914,141.807
68.098,66.066,132.223,134.434,101.61
128.972,108.203,70.084,104.718,114.425
99.802,-35.143,24.538,55.125,79.739
84.445,-8.041,88.528,60.697,63.451
105.133,87.422,102.205,77.221,75.872
128.365,27.18,72.558,83.611,71.962
86.923,32.556,33.925,142.013,82.378
107.771,44.5,114.02,76.556,51.201
69.342,22.998,21.106,97.696,59.131
57.928,60.72,54.278,55.053,122.908
112.427,81.06,64.601,102.574,83.844
111.511,41.627,74.983,61.638,107.317
113.506,28.197,43.572,113.691,139.313
102.015,73.401,75.261,99.653,73.543
135.478,43.464,124.705,31.639,48.129
148.83,74.458,57.281,55.551,134.795
78.832,78.722,34.533,54.14,96.161
73.291,69.548,47.275,18.498,88.235
74.71,102.434,109.533,39.727,90.099
111.058,42.655,75.095,130.613,51.862
111.123,50.759,67.765,107.449,74.212
122.277,87.101,86.89,53.507,100.773
90.603,74.146,25.137,89.01,53.274
170.981,103.32,69.443,92.959,110.92
98.785,74.361,56.867,105.533,119.343
94.517,20.722,69.378,76.758,81.526
111.913,56.541,41.0,37.051,46.568
77.023,-4.557,59.354,100.195,61.189
53.452,54.364,56.951,117.789,119.288
73.786,109.271,46.696,36.162,73.25
61.568,40.761,57.838,25.752,85.859
85.758,94.536,113.337,41.845,142.06
138.604,95.529,125.493,56.889,118.845
131.16,12.174,111.713,48.252,76.679
75.745,45.793,83.841,87.462,124.228
99.566,87.698,95.732,68.509,54.109
84.38,49.783,13.467,70.01,110.892
103.11,22.915,96.846,78.931,140.826
132.502,113.755,36.511,101.821,56.021
113.053,-0.423,83.843,47.525,119.814
116.311,64.351,34.53,83.484,120.891
63.898,-0.462,104.477,62.659,125.332
81.808,59.827,32.081,81.02,85.294
74.505,6.551,43.987,79.377,57.389
174.642,53.256,33.428,89.053,95.056
105.573,-0.508,117.816,132.725,54.596
103.702,-11.247,32.544,34.723,89.405
127.328,80.495,60.819,123.948,137.194
63.392,68.19,105.446,41.621,86.855
87.576,117.306,69.408,67.383,83.113
100.479,0.405,65.94,105.525,33.61
121.595,48.992,72.299,119.921,93.462
90.242,60.387,111.153,62.696,135.181
75.544,55.453,42.018,116.719,72.863
96.808,62.028,43.05,136.365,54.56
47.409,43.137,28.628,74.283,96.32
114.828,87.214,52.952,36.571,141.879
91.154,31.851,38.247,47.451,143.178
83.853,67.455,108.104,109.818,74.718
95.603,-11.621,90.196,46.561,72.008
140.158,74.724,69.455,55.42,96.405
54.895,74.83,78.89,77.317,42.054
63.878,-12.802,79.379,99.665,74.582
80.137,84.972,73.539,77.021,74.284
84.884,31.06,62.49,98.248,143.207
86.793,10.282,89.633,66.097,109.774
110.601,62.87,72.857,119.209,128.529
116.494,47.139,95.639,18.904,113.101
70.987,60.434,88.079,109.192,43.468
170.071,-29.397,44.676,40.828,75.464
78.293,-30.505,28.719,92.437,61.912
106.701,17.264,52.522,79.578,94.071
102.092,50.305,56.797,38.311,87.986
124.296,18.507,52.586,82.039,81.247
111.815,88.146,100.975,119.569,78.833
93.556,-4.846,52.604,98.289,49.99
113.897,34.201,60.512,59.549,121.551
86.747,80.793,97.705,63.349,49.311
73.879,123.426,86.036,42.016,101.039
60.758,113.597,55.011,58.796,66.939
155.673,5.311,28.152,136.444,101.101
62.448,86.464,107.45,95.888,125.655
118.508,94.094,63.397,48.73,70.658
88.521,0.113,94.385,59.54,92.844
109.857,97.846,78.943,80.185,97.314
92.622,48.06,58.207,65.313,109.452
113.424,19.041,67.224,95.286,69.911
65.014,93.72,115.781,17.074,81.068
110.254,104.252,46.458,69.47,103.665
66.958,79.894,63.568,68.697,125.388
91.214,-21.87,60.994,54.751,71.871
91.374,59.074,60.963,106.563,128.43
116.099,34.426,52.117,76.889,81.911
64.272,19.19,79.977,124.407,61.136
137.451,53.718,65.68,41.245,154.19
132.968,42.912,80.996,101.113,117.172
76.588,18.821,104.45,110.233,89.045
64.901,31.861,55.32,104.691,60.802
75.791,32.029,51.229,61.263,68.613
145.402,39.451,41.322,111.095,57.237
91.325,42.097,40.938,61.756,70.884
152.476,42.805,83.911,102.857,53.583
78.977,64.006,33.329,69.026,75.195
105.39,74.278,14.707,64.783,46.383
102.535,26.031,71.058,51.604,56.475
108.595,111.161,41.738,102.534,76.441
86.811,-15.659,92.437,74.824,81.815
111.896,17.007,123.551,102.415,107.764
137.078,69.685,94.821,91.351,157.866
126.307,10.043,75.152,78.034,141.609
69.521,43.525,57.62,24.174,107.572
107.024,-3.705,83.608,52.762,119.449
147.635,63.393,29.625,69.685,50.704
99.06,22.905,63.784,98.999,99.651
67.886,93.38,80.414,76.078,86.177
132.937,13.999,22.608,84.264,60.395
73.881,65.81,16.071,90.21,103.598
126.73,113.67,76.241,51.315,107.166
94.005,39.383,57.708,89.696,72.405
93.673,109.269,52.077,49.375,86.448
65.832,-22.134,58.471,52.624,47.82
108.176,43.159,58.325,120.336,105.595
145.309,92.448,65.7,31.846,140.639
126.809,80.205,72.569,122.805,100.654
77.601,105.527,34.313,74.238,70.48
79.302,64.472,90.838,82.758,130.962
86.266,66.731,94.248,55.833,141.577
111.893,36.744,96.336,23.878,103.685
74.141,-0.818,66.564,126.491,112.533
115.759,72.467,51.875,114.946,78.788
80.296,-36.344,82.974,105.66,85.172
71.539,66.682,121.015,63.067,45.685
127.675,73.348,48.042,39.95,113.172
51.817,34.774,69.037,130.09,155.083
95.754,86.817,116.235,67.368,51.962
106.675,43.605,84.834,110.363,72.684
163.345,87.581,63.742,78.586,63.793
81.852,19.678,126.876,26.194,52.335
57.331,-15.508,19.119,72.894,62.701
84.24,18.615,38.915,52.027,111.313
78.254,59.823,63.864,35.755,95.964
96.099,65.268,49.931,53.684,53.05
143.11,38.801,67.482,108.36,63.988
71.345,35.323,62.781,105.54,78.862
90.737,86.049,65.766,51.97,45.86
65.458,93.767,54.385,60.73,74.752
162.445,73.61,81.547,98.16,119.151
100.595,42.864,33.434,25.743,95.012
83.801,62.296,68.705,64.789,120.173
152.913,11.117,87.308,96.53,100.269
154.991,84.35,93.22,136.523,53.387
120.204,83.31,66.659,66.868,99.969
76.752,3.902,94.196,62.363,99.939
116.315,46.564,47.608,92.592,140.617
94.375,9.849,68.534,67.918,61.37
67.352,88.054,60.523,95.733,128.04
100.497,87.778,116.847,49.196,97.971
56.457,96.503,76.457,56.619,33.283
51.566,67.635,82.359,84.012,78.666
82.987,88.891,101.304,80.459,123.785
64.541,72.331,82.139,52.375,119.595
106.602,36.858,63.781,54.914,35.726
91.912,42.079,105.177,50.903,75.993
131.011,-7.574,49.825,100.078,73.494
59.825,68.245,56.346,53.387,50.443
69.92,40.496,96.832,40.715,98.984
98.94,37.987,112.721,50.656,60.993
125.456,46.957,112.702,54.024,102.125
102.654,38.729,61.116,73.222,76.876
135.435,3.427,53.682,82.344,50.383
69.882,0.401,54.377,119.562,92.786
140.117,19.037,34.184,40.29,84.654
72.122,79.054,64.4,50.881,125.173
98.551,-16.112,82.732,86.573,95.856
72.847,13.599,107.367,54.315,127.184
144.606,92.376,88.786,117.384,125.369
52.368,67.617,64.385,92.382,113.11
66.056,-26.013,22.943,85.647,96.795
106.088,-12.289,83.879,88.142,98.839
74.999,49.175,37.192,65.768,49.16
105.96,35.241,100.812,73.92,57.042
92.402,62.409,56.727,34.698,68.637
93.722,58.651,25.417,86.197,42.049
67.564,13.831,80.73,49.834,59.043
123.864,50.863,78.534,61.686,65.273
122.854,42.659,76.856,73.924,132.056
76.011,43.282,26.566,40.804,112.62
149.764,89.285,111.489,92.781,110.292
109.591,16.11,92.495,53.232,46.058
127.907,25.11,107.145,38.119,92.164
119.644,18.181,13.572,77.947,90.812
115.318,58.385,97.668,56.341,75.121
81.371,24.969,96.513,112.236,104.779
99.173,99.71,57.041,79.958,105.883
110.326,8.602,103.05,52.037,37.818
66.586,59.518,60.882,76.741,80.788
80.922,43.176,47.176,35.396,62.044
112.561,-9.215,66.283,81.481,36.619
63.498,-7.693,47.424,50.664,88.793
145.873,53.13,66.701,45.368,98.734
101.487,89.563,68.902,57.489,49.401
88.617,111.552,94.591,48.833,88.607
148.657,33.142,61.893,117.983,88.195
110.113,41.839,66.348,132.48,60.074
88.08,60.204,79.469,18.899,109.035
70.315,55.65,43.4,64.568,119.474
139.269,54.486,65.105,30.697,49.122
81.425,56.347,97.339,65.131,82.882
138.92,21.887,125.394,78.859,121.55
113.959,-15.347,50.356,87.837,28.322
81.032,-5.431,49.672,121.543,124.189
71.082,39.443,95.992,100.572,101.661
75.722,70.536,86.345,47.524,131.948
98.86,50.639,82.527,69.984,69.884
65.454,87.456,68.915,112.283,70.019
110.653,12.468,58.949,140.939,77.405
78.523,82.309,86.322,26.576,76.639
96.904,75.739,33.038,106.005,110.75
124.116,83.089,57.854,82.883,136.914
144.292,31.278,123.881,94.296,74.113
84.434,8.404,75.6,61.341,115.551
125.104,55.42,53.648,83.369,130.026
98.75,7.188,50.854,36.955,78.988
76.922,110.624,43.26,74.986,59.428
101.585,31.921,88.534,93.288,83.333
76.659,44.826,81.968,37.095,44.758
97.245,6.734,68.004,49.301,61.371
79.11,42.955,106.909,22.98,88.668
119.426,-0.823,48.532,101.586,89.196
90.521,85.261,76.115,70.479,130.047
112.999,98.768,28.229,28.553,54.054
60.545,41.055,69.343,69.127,95.932
103.413,96.164,53.698,52.336,133.133
67.078,47.813,69.9,80.032,91.802
136.118,78.608,96.902,101.915,70.852
79.508,42.132,77.285,72.009,41.552
60.179,35.141,62.43,38.207,128.68
112.519,111.189,115.604,38.541,112.345
54.552,14.974,55.84,72.131,55.823
78.483,32.518,61.76,65.302,74.757
89.294,5.647,59.546,132.015,46.542
84.987,80.936,105.226,62.256,112.908
109.83,28.43,41.938,36.449,87.606
77.652,65.255,33.495,99.207,68.853
97.625,67.219,48.406,56.709,112.821
106.079,39.647,67.587,79.172,102.249
80.952,4.017,50.187,90.79,128.912
130.512,-6.779,73.739,100.064,82.519
111.501,5.601,95.213,36.854,79.013
78.255,31.5,81.439,74.139,89.024
137.213,-16.509,69.504,74.374,73.124
131.505,73.876,110.441,83.927,51.18
132.721,74.16,116.324,56.324,117.996
115.487,16.537,73.407,62.658,141.069
95.233,18.698,74.381,52.927,102.765
84.097,84.515,40.427,101.72,119.002
121.301,-7.83,79.506,73.099,108.677
62.558,7.8,40.61,69.702,41.236
132.682,92.662,91.64,88.188,85.67
90.448,86.118,56.477,94.759,118.255
91.551,58.529,48.166,93.35,95.533
105.109,78.488,21.296,73.35,113.013
152.459,0.344,52.418,137.194,75.38
97.014,53.67,25.118,77.735,95.414
69.441,65.128,52.418,75.932,107.799
96.714,71.859,27.23,68.181,113.006
113.696,61.208,30.139,98.513,105.115
148.059,124.547,102.737,82.142,143.313
87.684,66.52,62.43,57.201,70.214
63.17,20.778,59.265,137.695,125.071
82.839,61.906,88.816,104.991,34.055
99.391,57.275,37.122,46.308,98.724
69.742,32.812,94.763,72.651,80.656
131.586,66.428,70.001,102.822,74.227
164.622,55.732,40.413,66.523,54.511
176.116,52.941,99.111,134.772,87.254
59.645,43.572,47.727,138.704,60.593
77.952,67.747,85.236,71.312,90.59
66.665,9.843,33.021,54.925,67.027
69.973,14.108,106.746,42.604,69.95
119.802,-3.657,88.212,49.807,34.941
75.261,20.119,58.445,107.084,138.93
134.85,34.341,54.013,49.885,69.905
75.219,58.327,62.229,37.231,49.667
95.064,86.778,38.077,68.834,95.011
70.544,79.786,94.259,133.015,111.97
67.934,33.629,43.991,67.596,76.186
154.89,40.402,87.179,67.511,113.383
103.545,53.765,47.099,54.615,63.081
71.621,54.218,92.094,64.756,84.328
130.012,105.691,29.782,38.223,107.198
105.112,48.619,40.717,25.588,127.548
71.9,37.6,116.782,92.566,114.546
133.272,46.434,40.009,66.694,74.512
83.191,-9.421,103.196,62.837,67.249
97.34,60.125,94.598,128.238,138.513
156.624,65.532,84.045,82.764,128.597
53.203,89.388,120.566,115.387,36.798
45.671,37.272,47.866,76.988,74.839
109.035,102.987,130.373,54.516,108.379
66.692,58.778,39.795,78.547,69.914
67.5,35.362,89.897,58.232,83.036
66.329,-7.63,30.842,91.998,136.455
93.529,19.473,61.221,31.526,131.632
75.577,74.598,14.573,56.843,66.88
147.253,33.917,89.064,43.676,87.563
82.034,59.299,47.693,138.539,41.156
67.757,67.353,101.778,79.716,47.613
96.48,35.174,28.087,52.335,121.647
144.065,87.232,88.282,115.169,45.838
54.949,42.104,24.732,38.49,44.025
156.678,110.947,37.282,85.75,104.767
68.47,51.893,63.985,43.995,24.845
54.325,-25.384,44.402,73.597,73.956
86.741,31.906,55.401,87.968,112.843
68.849,57.094,60.089,55.125,112.245
124.769,38.81,78.063,59.699,72.446
101.483,-0.691,45.901,38.707,55.832
79.851,24.079,63.582,50.197,115.86
156.24,-25.899,44.636,79.986,115.484
109.196,116.602,25.477,93.398,109.361
127.403,65.18,118.621,30.322,93.214
137.463,69.779,66.277,130.238,80.776
82.475,68.335,33.916,39.917,98.227
93.205,50.87,80.086,104.138,30.735
111.395,16.665,35.001,121.235,38.275
105.94,54.955,53.144,46.434,86.062
57.381,49.04,68.058,122.038,71.398
76.516,75.737,72.074,103.98,86.941
108.742,90.216,53.582,87.361,111.897
85.41,29.851,52.117,72.219,131.991
63.033,66.137,92.311,97.139,74.268
70.895,93.578,125.132,49.326,132.894
91.657,-1.066,88.106,82.423,108.202
150.918,65.291,79.713,48.263,88.247
143.047,113.368,54.82,91.613,126.792
114.383,54.913,60.282,31.904,153.408
62.555,119.106,18.81,86.967,85.692
109.868,18.21,55.75,23.548,137.886
120.886,7.755,52.022,90.838,70.693
125.78,32.482,68.232,81.64,57.745
114.724,69.737,50.17,60.08,91.057
65.42,78.291,100.408,23.829,31.542
104.494,121.249,75.871,34.069,146.069
101.294,101.769,33.838,51.134,116.201
159.495,26.735,68.507,57.822,111.953
87.412,42.042,58.414,54.868,81.022
90.248,-31.164,70.398,85.92,101.482
146.664,85.686,23.651,59.22,98.671
160.213,93.482,110.139,105.297,47.965
84.299,92.555,81.026,107.876,84.911
134.143,33.392,61.998,32.04,118.005
95.986,-13.543,54.637,111.377,85.964
140.593,-10.693,113.946,116.869,132.806
78.652,68.022,71.746,55.548,70.462
127.86,49.739,54.904,77.407,96.037
81.549,118.724,75.506,108.144,84.597
73.274,-29.63,69.886,99.715,27.155
90.543,56.017,61.806,127.751,87.519
122.266,24.897,61.341,68.743,94.236
133.98,29.947,100.58,95.328,91.65
76.248,76.919,37.604,69.959,62.476
79.98,29.076,32.986,126.075,67.412
61.484,53.519,58.831,77.03,83.33
104.244,54.917,68.828,51.187,138.707
102.575,22.753,62.24,142.608,78.483
79.222,65.967,76.764,98.141,91.273
122.529,26.631,47.368,121.295,130.199
99.848,58.696,89.158,48.719,91.264
72.516,37.784,74.869,127.313,113.468
132.868,-0.585,86.896,53.375,51.665
80.172,16.942,56.458,134.089,80.08
120.26,-20.542,54.521,82.563,91.377
88.318,49.642,56.592,69.149,103.917
115.588,-20.168,66.581,44.938,102.435
109.305,1.089,33.268,36.836,55.797
164.989,51.59,78.916,79.677,96.316
96.857,41.486,36.325,60.409,93.151
111.899,103.792,88.336,83.713,87.048
81.257,61.154,40.702,79.825,48.347
60.946,46.652,119.224,73.179,94.411
71.612,42.437,102.301,152.256,60.255
56.132,-38.092,68.547,47.364,68.233
101.238,97.634,51.949,82.099,141.604
72.372,83.615,76.462,79.796,108.287
69.069,31.994,97.888,57.63,55.839
135.029,73.362,40.391,85.206,86.986
120.476,-29.962,74.559,81.883,75.839
138.015,-7.068,87.746,92.051,118.404
76.979,33.466,66.585,96.842,150.069
59.718,73.157,55.908,44.923,76.617
48.976,22.718,62.403,123.141,77.62
65.938,20.332,60.611,68.073,130.069
85.048,64.528,107.448,81.473,118.279
74.466,93.613,49.609,45.436,73.174
59.174,86.735,9.75,101.022,110.557
112.785,-13.125,76.551,59.847,37.868
84.206,39.986,87.702,101.855,80.17
62.378,21.984,80.423,26.572,65.307
137.616,-1.1,43.409,55.267,39.521
91.373,21.776,17.594,103.016,65.675
55.167,23.843,56.472,69.558,79.596
101.741,81.721,88.721,86.068,77.972
69.357,85.765,35.586,100.968,127.546
141.916,27.491,50.847,39.949,59.44
73.859,78.851,37.503,83.299,113.567
126.665,53.406,29.483,23.362,127.915
79.303,29.869,54.815,114.025,78.052
103.076,107.41,83.703,46.557,94.819
120.062,84.534,22.754,105.315,132.805
82.472,46.416,36.102,96.665,118.139
73.169,40.063,107.667,21.43,55.494
68.417,45.74,73.495,100.731,66.874
88.057,52.708,99.527,67.98,41.541
95.505,117.689,60.167,63.787,71.9
101.258,52.186,57.225,97.738,124.301
100.134,12.714,49.75,26.18,104.637
127.199,23.58,72.641,51.536,76.511
80.638,49.55,109.684,88.04,46.229
137.531,57.537,78.92,46.041,66.877
77.523,94.341,54.156,65.411,84.654
179.323,21.125,82.363,85.277,44.447
94.689,41.613,48.037,51.835,98.586
70.407,94.497,73.342,83.697,79.477
86.743,16.808,91.123,88.566,89.824
73.167,7.322,105.863,27.457,28.68
78.361,32.96,85.782,86.214,129.387
68.003,96.265,47.08,56.296,53.336
114.902,57.389,101.671,117.166,48.022
111.318,-4.1,70.154,25.65,81.117
98.932,54.019,78.321,92.158,35.956
58.382,45.254,94.629,114.032,72.847
79.999,38.392,52.395,75.316,141.289
80.558,38.853,72.89,142.517,123.256
147.519,59.426,46.794,119.2,105.671
148.16,3.955,50.682,89.837,118.461
75.734,107.172,39.206,60.703,130.342
118.393,30.884,38.03,64.09,137.259
107.431,38.177,80.585,127.128,84.771
117.928,37.912,77.633,106.126,145.594
72.09,15.534,66.701,66.886,96.225
77.033,73.414,106.743,76.622,158.074
130.498,24.296,86.567,37.058,63.654
134.516,29.448,47.504,55.487,36.053
78.351,65.325,53.278,89.947,67.734
150.935,57.303,69.601,60.279,105.94
114.844,111.117,35.332,53.097,97.236
116.191,117.372,61.05,77.589,79.939
137.489,29.585,68.25,49.56,45.284
64.056,33.585,46.139,107.809,84.589
117.28,63.702,115.529,145.56,135.662
104.04,46.232,59.729,63.047,144.67
72.562,102.164,69.923,115.159,64.999
118.402,-8.282,55.193,33.396,45.989
71.149,24.793,83.381,52.619,92.579
106.644,99.183,66.182,111.653,134.659
148.814,74.496,55.346,92.063,84.48
75.378,50.022,62.59,90.016,106.433
54.098,114.873,64.377,53.56,60.674
90.896,34.169,110.138,95.785,51.31
105.998,-5.412,67.125,77.665,46.316
65.677,99.612,92.658,53.23,76.732
137.492,98.269,81.301,77.447,80.228
114.123,43.811,63.767,58.694,40.931
118.931,72.77,76.231,103.784,100.998
162.321,5.787,57.522,80.738,102.383
103.461,25.128,71.477,88.24,97.748
69.155,24.33,39.992,62.344,65.156
105.669,21.683,93.584,109.66,83.385
106.584,32.662,89.58,54.265,97.991
84.957,49.671,123.046,120.566,63.347
78.908,34.724,74.508,40.647,53.758
107.024,58.959,25.129,64.713,88.237
63.138,76.141,50.824,78.085,108.048
95.557,106.027,60.124,29.009,116.116
94.78,116.635,64.734,136.236,134.749
146.622,55.492,16.725,128.187,86.691
65.773,61.52,44.178,61.734,80.411
87.58,51.575,84.652,108.193,70.969
109.044,96.843,61.576,62.548,132.694
92.896,22.107,97.261,91.065,25.257
65.846,31.973,48.624,55.252,31.105
125.999,17.639,51.864,60.684,33.365
115.174,-9.944,88.134,124.873,130.284
89.356,77.447,100.611,47.07,129.253
122.561,69.721,42.343,41.362,142.514
118.84,10.134,73.849,55.857,80.801
133.077,114.266,84.849,72.017,105.742
89.796,75.119,39.015,34.574,60.67
80.427,28.659,83.762,93.136,69.309
158.302,49.888,32.742,89.685,79.996
99.012,-22.747,50.619,42.082,78.725
129.485,-9.882,69.283,86.965,51.182
80.618,66.358,14.786,55.074,71.921
104.882,15.309,82.387,30.828,49.08
70.699,66.031,47.635,83.284,108.389
85.178,51.452,59.894,131.424,92.698
77.938,28.564,68.952,36.805,84.69
77.504,-4.42,37.127,37.378,93.981
84.024,34.741,31.656,70.071,68.767
87.298,-13.217,74.181,18.386,130.282
146.686,106.481,40.454,49.879,72.916
75.58,-21.872,84.06,85.348,41.109
59.457,36.056,36.938,121.702,105.653
88.986,77.767,79.24,40.132,100.7
80.592,53.956,51.981,130.648,98.986
76.292,81.273,101.29,57.399,52.531
168.098,65.641,60.443,79.762,37.64
100.218,64.298,48.733,55.137,57.028
92.301,83.52,60.045,130.825,79.867
100.421,62.714,45.295,51.612,78.209
103.493,87.345,53.735,114.474,85.857
102.556,52.557,51.865,57.509,89.981
91.491,76.236,65.065,98.919,98.429
67.101,50.723,95.477,103.342,124.347
118.784,83.724,95.286,78.45,74.909
89.655,76.352,76.221,62.713,60.767
81.413,53.636,65.838,45.426,36.96
81.176,-9.451,83.238,84.868,50.7
93.828,97.619,90.048,74.467,36.644
52.165,75.776,42.656,62.749,67.159
135.077,-4.087,81.232,58.078,77.929
119.36,115.165,75.254,149.628,105.315
110.007,32.536,69.249,121.435,108.719
89.413,49.404,71.873,56.423,72.601
157.812,4.014,96.681,111.901,44.522
94.607,106.719,59.127,49.69,87.952
124.168,50.359,90.949,58.026,100.178
162.458,61.284,65.049,74.166,117.807
96.474,76.377,74.395,73.301,110.28
91.43,5.675,48.511,46.442,52.19
140.306,-22.093,62.614,67.776,80.854
58.882,-11.293,78.833,77.683,46.33
145.09,23.026,109.686,72.962,33.544
70.161,3.019,71.092,97.152,112.199
106.63,3.437,61.957,48.82,110.132
142.8,43.28,46.946,68.897,82.81
56.769,44.534,91.496,92.412,108.696
98.388,78.586,80.293,129.514,107.312
80.027,45.738,55.858,71.536,158.427
81.726,9.634,72.259,81.085,81.558
124.445,72.062,91.958,64.351,113.825
113.053,66.022,100.336,85.278,53.921
105.883,58.295,69.726,48.403,129.648
55.981,65.656,23.044,115.598,102.903
129.18,21.054,114.141,49.777,111.068
95.256,57.556,114.119,62.967,61.985
130.824,0.717,97.627,114.604,71.229
146.853,-0.567,17.45,60.085,70.971
115.483,90.817,75.919,75.723,106.885
127.085,84.765,32.097,86.89,152.99
85.376,95.639,124.355,20.483,49.796
170.863,14.431,64.09,102.305,79.258
76.024,99.443,78.3,100.044,126.818
134.879,75.255,52.606,51.654,33.058
110.99,37.719,64.971,54.734,41.577
111.258,75.81,32.499,42.47,56.113
80.5,19.782,89.683,56.661,114.368
151.412,52.779,38.207,99.658,94.706
109.783,25.204,44.247,59.416,86.506
60.659,105.073,81.299,104.872,62.35
126.324,34.923,111.324,55.026,86.016
88.333,-10.119,57.111,81.852,95.562
174.863,82.113,64.458,63.802,121.876
111.432,85.937,73.537,136.886,72.928
71.626,-15.01,54.847,91.239,139.108
135.737,47.394,32.168,36.241,98.026
123.096,63.115,85.847,90.849,67.737
117.71,-29.448,37.8,80.039,65.938
125.436,-20.668,56.052,77.121,77.522
74.25,29.158,108.03,69.308,100.317
138.853,31.912,46.049,55.469,51.077
115.353,42.211,77.624,74.484,71.001
122.142,-35.219,57.28,75.994,73.166
178.234,63.211,37.196,46.528,116.69
169.09,-0.682,101.788,51.335,131.942
138.107,51.255,54.229,48.755,123.613
110.447,36.236,47.711,54.865,118.525
87.258,119.514,93.478,87.817,148.031
121.158,-9.89,63.564,47.397,74.634
140.315,-6.77,48.172,64.685,106.031
147.281,24.979,53.141,58.579,122.282
57.635,4.557,84.875,99.086,112.539
138.823,23.518,47.152,70.021,91.03
79.576,60.203,81.401,93.442,63.734
105.266,27.081,112.888,80.245,58.546
123.494,74.581,116.499,121.824,73.334
103.921,47.268,101.167,55.815,49.347
71.478,72.771,66.9,111.052,77.029
139.656,-28.121,61.064,124.605,151.772
106.944,68.644,74.266,73.672,101.206
88.643,91.643,50.237,74.345,77.571
134.502,87.352,100.727,125.748,101.518
101.404,51.93,85.129,93.477,82.723
171.905,9.64,88.808,56.303,46.387
113.803,104.418,94.843,46.769,55.784
139.316,53.908,55.599,61.316,63.868
62.755,41.398,86.27,65.94,70.789
132.858,42.91,55.393,75.533,108.976
104.896,63.277,63.072,63.138,30.608
112.771,25.993,84.722,92.129,128.534
132.059,58.66,106.403,85.224,74.553
137.816,-14.955,48.162,90.182,88.034
99.027,19.866,25.037,58.783,45.802
116.978,25.812,35.207,41.663,102.429
119.215,80.089,80.967,27.144,60.807
151.067,58.486,63.37,94.275,73.593
92.541,22.894,37.708,69.024,101.005
118.466,56.63,45.269,73.394,115.778
102.501,61.394,40.846,65.227,81.179
116.448,107.817,20.233,100.091,51.974
117.65,24.111,43.382,81.234,35.026
108.358,-12.815,57.09,110.041,25.834
165.137,56.064,80.439,40.959,112.765
59.048,62.577,55.322,59.393,120.724
130.317,54.461,19.288,106.557,123.148
76.819,63.279,59.411,121.072,70.412
47.633,17.224,62.28,105.414,39.117
77.804,-3.729,113.809,99.614,94.434
169.24,124.21,20.653,116.305,68.379
62.298,114.339,28.76,141.739,136.045
101.523,49.826,74.527,51.435,136.037
118.378,64.397,34.024,48.562,87.874
50.377,76.475,38.356,43.8,80.361
125.977,13.162,93.517,78.957,119.539
84.146,111.524,102.885,74.247,72.69
96.992,38.806,31.565,73.168,81.067
118.406,22.834,61.552,143.827,78.768
114.194,83.013,55.966,95.293,75.885
75.871,72.522,76.733,70.134,66.563
63.685,63.737,37.09,119.257,94.322
63.904,73.112,47.064,129.08,89.305
89.429,43.343,90.902,115.352,134.556
60.553,26.393,27.183,93.865,110.557
72.471,-21.949,99.17,65.602,60.886
76.421,64.917,52.879,112.663,67.688
127.737,52.641,54.687,73.146,69.99
68.4,83.329,63.62,60.367,107.489
83.36,18.955,77.623,53.238,98.669
155.431,46.785,106.67,126.355,82.792
154.26,61.376,51.204,92.563,54.734
116.942,26.709,46.413,105.09,73.68
74.263,101.762,121.096,109.68,75.81
65.296,26.795,83.429,70.785,76.694
64.638,72.442,86.408,64.678,68.11
93.703,17.549,72.047,46.597,59.285
63.826,103.155,86.395,64.221,125.104
154.682,-34.233,35.152,89.985,101.132
110.708,4.553,85.194,42.736,143.782
117.884,94.569,24.79,64.166,112.898
96.984,28.07,60.085,28.262,83.931
77.0,96.748,110.178,69.841,110.719
85.623,67.746,60.611,151.238,123.193
142.507,90.793,51.639,52.674,108.98
108.118,39.079,41.422,82.08,108.928
124.982,39.994,85.085,41.989,88.255
74.64,36.146,88.277,139.469,68.477
106.91,11.385,67.974,40.408,92.622
133.779,74.426,67.077,54.371,80.182
123.298,18.335,53.839,45.357,56.02
128.517,11.012,90.132,73.158,65.442
70.763,120.742,45.798,136.59,67.186
144.409,25.945,93.566,56.127,135.153
112.517,10.507,39.944,137.304,91.761
67.822,68.313,89.562,100.443,79.312
80.063,32.96,53.128,58.878,56.364
91.425,-17.082,30.098,50.28,123.838
62.815,-7.36,67.136,72.081,27.561
83.446,128.936,73.903,81.281,53.14
149.97,60.147,51.72,26.961,84.455
121.266,4.672,37.43,52.646,54.654
143.317,40.106,36.498,55.987,38.275
106.236,64.484,53.12,66.394,53.235
80.447,86.602,51.127,128.534,96.619
65.292,76.043,19.347,30.546,137.996
106.718,45.013,47.628,119.663,63.517
133.997,-4.936,73.382,111.876,57.779
100.763,51.347,14.55,29.021,56.146
85.168,11.13,61.089,119.797,104.316
108.567,43.711,12.075,66.614,75.722
83.15,23.783,102.931,112.714,130.289
95.341,2.057,30.882,56.018,95.256
95.114,80.69,59.084,49.207,71.53
68.187,100.768,60.942,74.422,107.781
91.523,46.817,42.865,100.986,93.263
128.804,52.677,74.203,39.836,63.044
73.388,52.956,109.456,119.621,95.931
67.691,61.279,26.724,67.022,125.716
88.542,38.832,52.36,121.905,132.748
100.936,37.756,47.904,60.556,106.122
57.183,40.0,78.152,28.886,100.402
76.894,-28.263,123.062,75.658,75.356
93.435,43.181,75.178,33.883,104.561
117.267,10.225,50.169,49.439,95.527
57.417,85.529,35.809,77.212,50.173
168.444,4.976,33.992,76.11,28.986
111.153,41.786,75.064,75.23,76.842
99.279,14.036,91.994,40.536,118.451
138.592,-22.105,88.734,89.232,105.583
54.069,65.23,82.879,68.61,81.55
113.453,78.773,45.112,76.795,76.311
113.716,-9.772,51.003,85.627,85.838
92.292,95.618,94.651,58.927,55.722
166.858,15.087,117.061,107.437,67.776
126.27,58.286,95.45,56.096,133.663
95.657,99.56,78.729,68.91,65.483
120.432,111.781,109.063,37.629,59.68
115.665,96.253,64.6,56.156,66.028
113.225,77.438,12.748,70.778,85.804
97.864,6.376,32.885,112.325,69.544
131.055,87.916,48.807,64.932,126.839
88.185,83.62,32.886,128.653,74.591
74.692,47.05,60.463,90.435,148.951
64.573,4.854,52.878,77.714,115.028
100.271,53.879,24.967,45.3,86.182
108.07,25.736,60.36,63.686,134.625
88.408,91.765,40.136,97.787,33.63
89.712,47.945,131.129,70.342,69.378
164.8,56.362,82.041,67.054,79.082
76.975,81.434,120.484,54.094,40.125
132.872,49.447,93.214,127.592,73.185
149.79,24.417,96.219,86.367,100.322
120.138,59.947,104.19,140.17,118.669
67.068,33.783,73.639,111.619,88.321
106.488,51.334,65.373,26.518,59.794
78.111,84.303,21.537,116.165,99.364
160.369,64.58,19.783,37.856,68.596
112.985,45.55,85.891,75.393,71.542
104.811,61.587,80.619,71.49,101.361
58.239,54.987,99.28,98.026,56.951
119.751,15.576,130.151,93.493,96.022
81.752,81.01,88.125,79.295,45.691
123.046,41.151,43.337,127.958,92.209
136.484,31.246,70.871,104.626,102.698
141.541,3.318,46.438,65.819,27.57
92.616,13.27,24.354,100.253,69.848
95.327,1.07,73.389,47.858,72.812
170.874,38.445,68.317,95.75,109.734
97.53,22.738,40.551,119.994,105.213
149.0,104.484,89.21,55.677,88.11
174.848,86.066,36.646,96.495,90.844
79.695,-37.437,55.517,81.763,108.413
139.77,78.534,69.422,102.71,62.018
76.765,38.828,76.843,54.853,127.977
89.492,8.332,24.92,99.355,48.586
87.237,97.813,20.063,62.238,65.58
60.812,40.424,50.96,125.791,123.78
76.106,37.577,76.206,59.737,61.035
92.849,21.877,80.885,75.715,140.052
86.134,-22.186,35.247,85.892,87.132
86.056,79.279,67.276,121.885,71.222
114.061,-14.15,75.925,72.302,66.924
155.441,35.621,41.382,74.769,114.746
91.494,89.37,71.628,63.664,65.671
110.931,77.832,65.471,54.308,56.003
72.283,-26.141,84.27,59.884,81.759
65.638,64.598,66.258,63.458,66.176
68.141,74.855,74.611,119.338,36.315
125.064,30.597,62.668,84.022,106.718
47.603,20.043,24.585,76.093,145.408
154.713,41.171,60.902,61.161,105.297
97.939,55.658,92.421,29.343,94.808
131.497,76.849,66.499,59.805,81.192
146.278,38.288,90.591,59.776,89.25
80.425,39.788,83.972,63.423,34.437
128.546,51.916,71.625,42.6,134.381
107.503,40.995,40.364,137.652,122.56
115.53,-38.13,73.025,95.03,67.894
142.228,28.827,38.046,73.882,98.198
67.28,2.828,28.632,89.643,122.885
118.227,-2.335,85.628,112.524,122.268
138.719,58.499,118.672,35.741,102.52
93.934,51.678,76.804,80.341,144.796
64.344,51.407,92.832,58.695,50.122
96.326,92.921,41.802,81.588,124.611
94.926,53.295,49.545,34.852,98.965
109.836,13.176,59.007,62.771,99.746
86.472,95.843,89.707,76.53,88.325
95.443,50.929,74.495,61.107,74.124
165.202,11.278,86.749,106.497,54.31
93.451,-26.829,64.457,69.036,75.675
59.735,48.694,56.071,78.999,110.86
98.186,28.02,94.087,107.276,62.694
103.682,43.109,86.274,117.696,111.426
123.476,106.625,69.115,34.51,74.567
116.186,-2.905,106.413,56.032,72.133
73.173,37.325,78.438,99.169,133.679
118.663,89.624,108.707,92.881,83.255
143.47,8.47,108.617,35.259,64.125
172.564,37.642,46.223,70.446,77.16
60.324,35.667,66.242,74.025,69.029
77.555,17.616,90.649,75.942,75.265
78.234,79.968,51.514,70.774,83.648
57.87,7.145,92.55,95.835,105.138
162.03,-11.1,61.124,108.269,81.309
90.883,62.776,49.436,34.438,79.556
98.73,-23.618,45.111,53.973,75.879
100.601,44.994,76.673,114.461,85.922
97.646,97.639,97.333,68.08,132.769
107.48,52.403,95.697,102.956,132.004
102.321,83.715,117.629,60.262,50.986
109.152,94.481,44.653,57.509,140.258
143.919,16.826,100.952,87.277,66.517
112.615,107.134,16.018,109.258,55.548
66.308,100.163,68.71,57.121,85.798
129.322,21.289,42.073,94.442,70.852
87.467,50.992,78.086,39.149,71.576
116.414,63.29,71.283,92.972,24.897
102.063,9.573,55.588,64.428,75.45
110.705,80.93,127.376,117.394,41.178
75.067,77.243,63.178,147.41,39.327
100.829,32.435,48.326,111.786,34.615
133.335,-40.271,43.688,38.879,67.974
128.841,51.427,29.915,25.473,116.503
110.238,47.421,46.644,109.818,87.473
102.066,4.43,60.308,123.083,81.948
162.166,6.364,86.283,27.618,81.537
98.128,-21.287,66.767,21.689,62.483
95.63,3.578,42.476,56.878,113.589
120.149,10.413,49.127,134.803,58.856
142.818,-13.683,72.967,117.968,90.705
63.016,67.481,121.535,72.137,83.939
158.182,17.794,86.82,70.08,131.226
78.009,80.595,58.702,47.016,100.781
162.048,103.668,72.03,69.939,85.689
138.809,18.635,59.73,94.347,88.152
69.036,29.113,99.142,83.7,133.885
107.081,8.214,102.959,56.647,105.676
91.129,23.068,77.243,79.8,96.629
106.831,100.029,112.556,54.153,89.851
84.556,22.56,88.056,83.489,58.701
108.009,44.12,17.481,36.449,52.435
155.936,38.19,70.517,104.371,143.138
168.667,57.961,81.801,42.475,60.099
125.992,53.07,35.651,62.272,72.735
115.758,48.098,69.005,86.121,107.859
73.952,-3.874,75.557,96.472,129.083
90.806,72.871,75.632,63.997,69.099
72.65,48.647,61.861,73.092,93.383
56.734,57.781,73.565,88.511,73.168
150.051,45.429,92.526,64.411,105.834
104.4,-30.168,38.923,59.782,90.32
100.974,50.353,59.639,55.535,120.278
61.088,30.005,34.811,62.388,127.82
143.656,-27.02,76.81,34.414,57.131
118.573,90.717,121.656,57.747,61.676
73.528,82.795,51.411,110.466,89.801
73.122,13.219,18.821,39.085,90.429
126.128,84.604,107.845,105.368,98.175
141.07,38.518,79.941,27.991,82.483
138.283,46.914,98.894,60.159,33.702
87.776,22.76,50.831,38.006,63.159
67.545,44.42,38.442,91.024,50.208
109.489,60.606,56.131,124.238,60.303
103.72,71.632,79.745,64.698,111.346
81.754,21.615,126.512,77.486,75.938
163.015,2.735,128.403,113.009,98.946
86.179,2.935,125.194,44.381,132.054
92.866,-13.414,54.188,51.136,95.924
147.685,73.754,100.886,73.905,101.718
85.886,-14.255,19.496,118.08,105.208
73.26,-19.635,67.255,78.082,88.812
80.377,7.562,77.583,123.43,85.71
75.371,-15.119,106.95,73.105,86.854
95.373,108.636,40.335,64.766,59.416
160.57,35.336,47.321,32.16,54.097
88.532,85.049,62.41,124.761,63.789
65.2,87.392,44.369,126.352,117.922
141.954,103.044,59.236,34.773,45.841
137.037,17.875,55.664,69.967,140.113
94.915,-6.746,29.66,51.841,91.569
134.82,105.527,95.453,116.062,54.462
56.046,-25.177,91.044,96.576,71.92
70.998,50.137,68.82,72.537,75.843
109.919,1.657,39.223,43.833,84.622
135.465,64.55,83.43,69.821,53.867
124.2,-34.317,26.01,72.321,106.389
81.853,65.833,86.033,43.171,77.413
70.592,33.752,111.567,102.399,52.506
80.8,105.786,88.329,47.47,99.768
74.913,55.869,35.868,81.932,48.635
155.266,-10.491,67.99,71.735,56.266
91.336,68.325,75.196,69.558,59.401
120.763,58.703,84.453,135.507,108.428
158.947,89.797,60.966,58.769,64.829
78.682,107.301,122.586,108.685,154.319
102.154,3.168,68.084,108.105,56.1
76.151,94.649,92.279,34.306,60.322
112.154,47.752,69.788,69.753,44.333
100.618,57.632,94.313,122.1,99.808
84.39,105.089,109.627,71.535,109.399
85.475,-6.525,35.904,125.841,64.358
98.713,2.1,35.822,87.338,90.604
82.102,30.235,31.818,149.602,85.43
95.039,54.604,45.817,110.01,83.076
87.158,46.291,42.679,92.947,43.836
69.904,0.988,33.08,74.592,95.451
78.847,88.972,80.835,35.26,110.151
105.377,11.113,121.552,35.723,106.75
134.826,48.572,40.355,117.132,99.404
128.97,38.971,49.057,81.224,76.609
54.761,39.321,91.123,22.19,46.731
66.604,55.314,35.873,99.859,70.07
92.903,-13.169,37.266,67.81,102.521
157.395,-13.443,50.9,54.264,65.363
115.373,-13.708,78.642,40.082,147.768
76.479,30.983,45.948,137.344,60.273
87.076,51.162,53.022,73.148,55.489
152.96,40.347,78.451,122.924,103.821
109.424,61.624,46.785,61.709,62.72
127.995,129.096,55.866,37.441,68.409
80.987,62.949,62.592,81.606,78.074
140.807,59.547,107.872,114.163,117.944
66.728,32.909,74.463,78.272,101.279
63.74,57.471,38.274,57.586,93.936
138.733,30.024,69.735,106.386,46.683
118.339,30.964,75.783,116.128,76.009
138.149,51.909,39.029,69.651,120.42
93.464,86.565,62.792,79.354,120.126
149.197,39.117,52.902,49.261,55.797
63.519,-15.412,98.468,32.892,45.744
138.779,85.14,60.936,41.978,118.473
88.754,27.678,56.13,89.3,46.078
111.717,106.044,113.655,101.212,80.221
109.059,95.212,30.006,66.631,83.831
91.678,70.408,66.821,52.302,92.191
131.665,29.328,57.158,73.695,84.701
76.864,99.595,76.054,54.062,60.494
124.252,36.171,46.159,68.122,44.845
127.79,94.889,94.944,84.975,83.356
113.996,13.374,50.352,69.591,35.517
93.98,106.744,61.647,58.758,85.363
129.676,87.063,83.773,120.753,110.919
59.745,75.605,88.792,81.179,64.492
60.89,52.987,21.331,97.911,124.348
77.027,120.652,110.48,85.543,154.444
124.018,49.366,83.776,75.448,44.942
92.418,36.354,56.325,82.767,98.468
74.039,28.598,76.536,98.203,37.897
81.808,42.084,27.46,89.166,113.04
105.578,27.726,50.237,65.339,94.338
100.001,33.747,41.099,49.475,108.983
107.105,-13.624,39.498,18.387,118.956
66.672,18.816,34.476,74.718,151.753
138.749,13.708,73.291,78.91,120.286
79.31,41.093,59.268,73.301,95.11
95.936,53.521,18.548,79.28,43.701
90.012,34.174,63.714,30.572,30.373
130.457,46.791,44.715,144.158,94.467
99.278,52.963,50.178,88.319,137.653
131.187,63.089,82.882,100.951,66.62
90.701,50.351,90.075,67.319,109.364
59.626,39.366,33.682,67.576,79.263
137.09,16.291,125.488,74.214,133.263
76.598,98.493,93.696,100.93,119.34
89.604,98.432,61.695,30.65,103.899
125.527,51.776,110.465,66.181,27.472
96.946,3.084,37.307,46.098,103.821
59.762,76.126,37.517,77.122,80.663
89.953,-5.936,67.686,33.902,110.9
73.159,79.335,40.39,90.374,60.542
59.482,58.058,50.575,92.076,113.964
95.86,86.406,35.582,38.335,76.33
93.43,-12.508,45.015,43.275,124.04
64.397,69.527,113.258,112.029,104.449
142.042,72.914,115.308,37.86,41.03
98.502,85.293,118.918,146.613,63.917
158.492,12.473,114.715,77.787,50.517
133.522,88.785,46.462,45.608,45.489
94.627,66.596,65.489,98.875,55.244
70.713,42.939,70.539,60.084,63.603
71.718,35.863,49.153,46.84,151.831
120.078,-33.661,19.678,69.911,82.532
152.086,36.599,78.751,63.665,77.379
96.253,46.651,51.873,84.923,69.307
64.2,23.299,89.98,59.782,72.648
144.863,42.049,73.174,67.133,54.56
88.872,55.439,94.705,60.754,142.241
108.019,-8.431,18.639,48.891,84.906
74.742,7.278,80.777,119.374,78.593
93.809,6.156,116.478,121.311,81.007
120.846,37.65,68.5,55.558,62.928
148.288,45.043,37.759,102.572,84.328
76.667,49.612,85.915,61.175,88.927
155.383,29.559,75.577,62.332,62.823
46.617,71.77,69.537,64.85,120.994
117.695,-7.425,41.568,69.717,66.457
118.883,52.708,102.821,89.246,47.546
83.464,35.549,48.696,90.114,83.394
71.154,67.642,25.565,96.044,60.378
123.305,57.462,79.338,82.536,38.518
79.619,103.453,15.952,55.809,71.79
98.494,33.894,25.06,29.671,84.357
68.522,-8.166,67.534,48.02,64.665
149.54,52.853,106.632,68.866,103.583
95.972,14.145,72.965,44.832,42.447
142.946,85.567,66.971,83.696,91.127
74.579,63.813,68.81,116.885,25.971
69.108,26.1,98.57,46.316,60.4
161.403,65.396,42.582,89.131,93.043
72.272,72.696,66.896,27.267,52.628
126.047,55.393,48.922,125.823,88.393
78.576,73.053,31.669,31.596,95.605
99.131,88.863,60.459,57.772,50.704
101.384,55.207,59.751,58.896,139.926
142.017,83.929,16.263,82.498,127.423
76.493,97.847,49.097,82.4,119.265
77.566,45.405,45.051,55.692,60.832
85.254,61.203,40.669,110.031,112.852
69.058,7.433,66.579,125.741,46.349
69.986,-19.582,99.741,72.937,100.469
140.4,115.919,71.806,79.785,67.196
109.292,2.831,53.41,96.776,156.036
66.098,27.024,91.158,68.449,129.161
58.743,58.519,58.764,30.722,68.451
145.668,48.869,75.215,113.013,129.71
57.225,55.308,120.01,103.109,118.195
125.11,-19.424,14.68,62.853,106.425
84.708,64.371,37.158,85.002,65.327
78.496,34.442,81.174,126.956,55.917
82.032,90.306,75.604,72.845,117.623
62.336,45.571,37.968,77.993,69.942
93.53,18.987,53.899,45.08,141.741
76.379,49.898,66.414,96.617,123.357
59.847,55.112,68.865,55.052,106.102
109.43,58.051,68.739,81.483,47.718
150.234,6.002,73.356,64.356,41.81
71.787,65.873,94.876,49.231,61.363
105.651,69.39,33.655,72.129,75.996
149.531,61.259,85.239,107.092,118.953
76.576,130.471,49.778,115.581,70.748
117.228,58.598,69.171,81.967,31.506
89.08,42.956,102.404,47.446,124.384
81.649,40.191,79.083,143.867,68.076
131.247,68.587,97.743,58.538,26.894
66.324,33.648,101.723,96.5,109.812
76.446,56.78,57.454,39.908,107.97
99.455,68.756,73.07,52.638,53.461
66.944,-29.192,86.299,87.648,53.887
72.957,51.211,69.492,80.845,31.451
